////////////////////////////////////////////////////////////////////////////////////////
//                                                                                    //
// FontAsCode exporter v1.0 - Font data exported as an array of bytes                 //
//                                                                                    //
// more info and bugs-report:  github.com/raysan5/raylib                              //
// feedback and support:       ray[at]raylib.com                                      //
//                                                                                    //
// Copyright (c) 2018-2026 Ramon Santamaria (@raysan5)                                //
//                                                                                    //
// ---------------------------------------------------------------------------------- //
//                                                                                    //
// Atlas de police embarqué — RÉGÉNÉRER avec tools/gen_ui_font.cpp, jamais à la main.  //
//                                                                                    //
// Font name:    Liberation Sans Regular, 32 px, ASCII + accents français
// Font creator: Google (Arimo/Tinos/Cousine) et Red Hat, Inc.
// Font LICENSE: SIL Open Font License 1.1                                            //
//                                                                                    //
////////////////////////////////////////////////////////////////////////////////////////

#define COMPRESSED_DATA_SIZE_FONT_FONTSANS 20541

// Font image pixels data compressed (DEFLATE)
// NOTE: Original pixel data simplified to GRAYSCALE
static unsigned char fontData_FontSans[COMPRESSED_DATA_SIZE_FONT_FONTSANS] = { 0xec,
    0x5d, 0x09, 0xbc, 0x4d, 0xd5, 0x17, 0x7e, 0x03, 0xcf, 0xf4, 0xcc, 0x53, 0x19, 0x33, 0x45, 0xc9, 0x94, 0x79, 0x28, 0x2a,
    0x92, 0x29, 0x0d, 0x4a, 0x45, 0x25, 0x29, 0xe4, 0x5f, 0xa4, 0x12, 0x22, 0x32, 0x24, 0x94, 0x29, 0x19, 0x32, 0x95, 0xf4,
    0x84, 0x8c, 0x3d, 0x8a, 0x22, 0x8a, 0xa2, 0x32, 0x84, 0x8c, 0x21, 0x32, 0xa5, 0x01, 0x99, 0x1e, 0xef, 0x79, 0xdf, 0xff,
    0x77, 0xd6, 0xd9, 0xef, 0xbc, 0x73, 0xee, 0xd9, 0x7b, 0x9f, 0xe1, 0xde, 0xfb, 0x06, 0xed, 0xfb, 0xfd, 0x7e, 0xdc, 0xb7,
    0xcf, 0x3e, 0xc3, 0xdd, 0x67, 0x7f, 0x7b, 0xaf, 0xbd, 0xd6, 0xda, 0x6b, 0x21, 0x42, 0x41, 0x41, 0x41, 0x41, 0x41, 0x41,
    0x41, 0x41, 0x41, 0x41, 0x41, 0x41, 0x41, 0x41, 0x41, 0x81, 0xd0, 0x14, 0xf1, 0x88, 0x47, 0x63, 0x5b, 0xf9, 0x28, 0xc4,
    0x63, 0x34, 0x7d, 0x7b, 0x1e, 0xf1, 0xf8, 0x44, 0x72, 0x85, 0xa2, 0x98, 0x82, 0x86, 0xc6, 0x5f, 0xf7, 0x63, 0x12, 0xa2,
    0x1d, 0xef, 0x5a, 0x11, 0x35, 0x1d, 0xeb, 0x44, 0xa2, 0x1b, 0x16, 0x62, 0x3b, 0x3e, 0xc5, 0x93, 0x9c, 0xa3, 0xc5, 0xb0,
    0x0c, 0x8b, 0x91, 0xdf, 0xc5, 0x2f, 0xcc, 0x83, 0xfe, 0x98, 0x8f, 0xf5, 0x18, 0x81, 0x7a, 0x88, 0x92, 0xd6, 0x7c, 0x92,
    0xda, 0x42, 0x56, 0xa7, 0x19, 0xd6, 0x61, 0x15, 0x8a, 0xda, 0xca, 0xbb, 0x63, 0x1d, 0xe6, 0x22, 0xc6, 0xf1, 0x59, 0x1a,
    0x22, 0x1e, 0x9d, 0x5d, 0xbd, 0x97, 0x0e, 0x78, 0x0b, 0xb5, 0xa4, 0x35, 0xb2, 0x22, 0x1f, 0xf2, 0x71, 0xee, 0x39, 0x02,
    0x2b, 0x4d, 0xa8, 0x61, 0x3b, 0x1e, 0x43, 0xe7, 0x65, 0x95, 0xf6, 0x89, 0x75, 0xf8, 0x58, 0x70, 0xac, 0x04, 0x06, 0x60,
    0x09, 0x8e, 0xe2, 0x18, 0x16, 0xa3, 0x1f, 0x8a, 0x38, 0xfc, 0x8a, 0x32, 0xf8, 0x18, 0xf1, 0x18, 0xe6, 0xf8, 0x6b, 0xcb,
    0x60, 0x32, 0x36, 0xe1, 0x6f, 0xfc, 0x83, 0x9f, 0x30, 0x1b, 0xd5, 0xa4, 0x75, 0x6b, 0x62, 0x0e, 0xb6, 0xe2, 0x2c, 0x4e,
    0x61, 0x23, 0xa6, 0xa1, 0x82, 0xeb, 0x9e, 0xfe, 0x0c, 0xbd, 0xdd, 0x06, 0xc2, 0xe3, 0x2f, 0xd3, 0xf1, 0x40, 0x74, 0x97,
    0x5c, 0xb1, 0x11, 0x46, 0x61, 0x3d, 0x4e, 0x63, 0x25, 0x5e, 0xc2, 0x2d, 0x88, 0xe4, 0xd6, 0xe9, 0xc4, 0xbd, 0xaa, 0x86,
    0x47, 0x04, 0x57, 0xbd, 0x15, 0x73, 0xb0, 0x05, 0x67, 0xf0, 0x27, 0x7e, 0xc0, 0x0c, 0xdc, 0x14, 0x66, 0xfe, 0x77, 0x80,
    0xf6, 0x69, 0x67, 0x2b, 0x5f, 0x09, 0x60, 0x15, 0x7d, 0x1b, 0x0f, 0xe0, 0x77, 0xc9, 0x15, 0x1e, 0x00, 0x50, 0xcf, 0xf8,
    0x2b, 0x1e, 0xbf, 0xb8, 0xb8, 0xeb, 0x3a, 0x5c, 0x71, 0xac, 0x33, 0x1b, 0x40, 0x32, 0x36, 0x21, 0x19, 0xc0, 0x3b, 0xb6,
    0xa3, 0x4b, 0x00, 0x0c, 0x76, 0x71, 0xa7, 0xea, 0xf8, 0x83, 0x7e, 0xe1, 0x39, 0xfa, 0xf7, 0x98, 0x94, 0x53, 0x03, 0x01,
    0x5c, 0x92, 0x1c, 0x2f, 0x8d, 0x3f, 0x01, 0xf4, 0xe0, 0x1c, 0x89, 0xc5, 0x2e, 0x00, 0x13, 0x1d, 0x9f, 0xa6, 0x15, 0x80,
    0x37, 0x5c, 0xbd, 0x97, 0x05, 0x80, 0xc3, 0x48, 0xd1, 0x9e, 0x7e, 0x51, 0x67, 0xee, 0x9b, 0x4b, 0xfd, 0x34, 0xb5, 0x1d,
    0xef, 0x4c, 0xe5, 0xed, 0x25, 0x57, 0x9e, 0x02, 0x60, 0x26, 0xf7, 0x48, 0x15, 0xfc, 0x6e, 0xb9, 0xfa, 0x3e, 0x94, 0x91,
    0x5c, 0xa7, 0x0b, 0xfe, 0xa5, 0x5a, 0x5f, 0x3a, 0xfc, 0xd6, 0xbe, 0xb8, 0x6c, 0xb9, 0xea, 0x55, 0xbc, 0x2d, 0xa8, 0x19,
    0x85, 0x99, 0xd4, 0x1f, 0x52, 0x3f, 0x89, 0x78, 0xdd, 0x55, 0x7b, 0x56, 0x46, 0x02, 0xd5, 0x7f, 0x40, 0x58, 0x63, 0x99,
    0xe5, 0xba, 0x29, 0x1f, 0xf1, 0x3b, 0xed, 0x8c, 0x24, 0x4b, 0xcd, 0x57, 0xb9, 0xb5, 0xde, 0xe2, 0x5e, 0x55, 0xfb, 0x0c,
    0xe4, 0xce, 0x79, 0xd3, 0xd8, 0xef, 0xbb, 0x88, 0x44, 0xfa, 0x3f, 0x09, 0x23, 0xc3, 0xca, 0xff, 0x87, 0xe8, 0x2e, 0xf7,
    0xda, 0xca, 0x17, 0x02, 0x58, 0x44, 0xdf, 0x86, 0x03, 0xd8, 0x2d, 0xb9, 0xc2, 0x28, 0x24, 0x20, 0x9b, 0xf1, 0xd7, 0x29,
    0x41, 0xcf, 0x49, 0xc5, 0xf5, 0xb8, 0x03, 0xbb, 0x91, 0x84, 0x96, 0x28, 0x2b, 0x91, 0x14, 0x6e, 0x03, 0xf0, 0x2b, 0x6e,
    0xa7, 0xd9, 0xe8, 0x28, 0x92, 0x71, 0xa3, 0xe5, 0xe8, 0x23, 0x00, 0xb6, 0xbb, 0x98, 0x6f, 0xa3, 0xb0, 0x9d, 0xfa, 0x5f,
    0x63, 0x44, 0xe1, 0x56, 0x2c, 0x05, 0x70, 0x48, 0x32, 0xbf, 0xf7, 0x02, 0x70, 0x4a, 0x78, 0x34, 0x1b, 0x7e, 0x04, 0x30,
    0x4f, 0x70, 0xf4, 0x16, 0x5c, 0x00, 0xd0, 0x51, 0x22, 0xcd, 0x68, 0xff, 0xde, 0x01, 0xa0, 0x4f, 0x98, 0xf9, 0xff, 0x24,
    0x86, 0x98, 0x50, 0xce, 0x07, 0xff, 0x0f, 0x00, 0x78, 0x94, 0xcb, 0xfe, 0x33, 0x00, 0x8e, 0xe2, 0x59, 0xdc, 0x8c, 0x9b,
    0xd0, 0x8d, 0x46, 0xd6, 0xe3, 0x28, 0xc9, 0xbd, 0xc6, 0x75, 0xf8, 0x8c, 0xd8, 0x79, 0xce, 0x91, 0xff, 0x8f, 0xd3, 0xf3,
    0x1c, 0xc5, 0x78, 0x34, 0xc2, 0x6d, 0x78, 0x17, 0x27, 0xe8, 0xef, 0x47, 0x24, 0x6c, 0xfa, 0x19, 0xaf, 0xa3, 0x3a, 0x5a,
    0x62, 0x16, 0xfe, 0xa1, 0x39, 0xe2, 0x7e, 0xc7, 0xd6, 0xcc, 0x8a, 0x9f, 0x18, 0xeb, 0xc4, 0xfc, 0xff, 0x06, 0xc0, 0x66,
    0xf4, 0x0c, 0x40, 0x13, 0x41, 0xed, 0x9e, 0xc4, 0xd3, 0x85, 0x68, 0x8d, 0x92, 0x68, 0x4f, 0x63, 0xee, 0x25, 0x54, 0xe2,
    0x4a, 0x7c, 0x3d, 0x6d, 0x78, 0x83, 0xce, 0x7d, 0x8c, 0x53, 0xbb, 0x1f, 0x3d, 0xe3, 0x27, 0xb8, 0x0f, 0x39, 0x91, 0x1f,
    0x1d, 0xd8, 0x58, 0xde, 0x25, 0x8c, 0xfc, 0x6f, 0x4b, 0x77, 0xb8, 0xc7, 0x56, 0xfe, 0x21, 0x80, 0x0f, 0xe9, 0x5b, 0x7f,
    0x00, 0x3f, 0x48, 0xae, 0xf0, 0x0d, 0x36, 0x19, 0xdf, 0xcb, 0x01, 0xe8, 0x2a, 0xac, 0x99, 0x05, 0x4f, 0x61, 0xbf, 0x65,
    0x0c, 0xfc, 0x1d, 0x2f, 0x08, 0x24, 0xd1, 0x0f, 0x4d, 0x33, 0xed, 0x60, 0x00, 0xa3, 0x4c, 0xc7, 0x0a, 0xe3, 0x14, 0x12,
    0x1d, 0xa4, 0x63, 0x1d, 0xe5, 0xe9, 0x2e, 0x29, 0x32, 0x70, 0x59, 0x5c, 0x05, 0x02, 0x46, 0x12, 0xeb, 0x7c, 0x05, 0x1c,
    0x14, 0x1e, 0x1d, 0x0a, 0xe0, 0x2f, 0xe4, 0x15, 0x1e, 0x7f, 0x09, 0xc0, 0x79, 0x5c, 0xc7, 0x3d, 0x56, 0x0c, 0x07, 0xf0,
    0x1a, 0x8a, 0xa1, 0x0e, 0xfd, 0xaa, 0xbc, 0xe8, 0x86, 0x9f, 0x38, 0x6b, 0x2e, 0x3f, 0xfc, 0xef, 0xe0, 0xf9, 0x8d, 0x3b,
    0xf1, 0xbf, 0x3c, 0xcd, 0xc0, 0x85, 0x39, 0x47, 0xa6, 0xd1, 0xf8, 0x98, 0x2a, 0x91, 0xd6, 0x22, 0x76, 0xf3, 0xa4, 0xfb,
    0x0a, 0x24, 0x29, 0xfd, 0x8a, 0x7a, 0x34, 0x66, 0xca, 0xf8, 0x9f, 0x05, 0x7f, 0x13, 0x77, 0x8a, 0x19, 0x25, 0x95, 0xe8,
    0xf9, 0xf6, 0x70, 0xc7, 0x14, 0xed, 0xfd, 0xed, 0x35, 0xcd, 0x1a, 0xb5, 0xa9, 0xee, 0x66, 0xc7, 0xdf, 0x3c, 0x08, 0x60,
    0x23, 0x80, 0x98, 0xff, 0x3f, 0x03, 0x98, 0xe6, 0xb2, 0x0d, 0xf3, 0xd3, 0x68, 0x1f, 0x67, 0xcc, 0x25, 0x39, 0xa9, 0x5f,
    0x7f, 0xe7, 0x62, 0xe5, 0xab, 0x61, 0x3a, 0x80, 0x75, 0x9c, 0xf5, 0x42, 0x16, 0xba, 0xea, 0x31, 0xd3, 0x55, 0x0a, 0x90,
    0x64, 0xf4, 0x5b, 0x18, 0xf9, 0xdf, 0x82, 0x5a, 0xe5, 0x4e, 0x5b, 0xf9, 0x7b, 0x86, 0xec, 0xf3, 0x02, 0x80, 0xd5, 0x92,
    0xf7, 0x77, 0x01, 0x13, 0x8c, 0xbf, 0x1e, 0x03, 0x50, 0x5d, 0x58, 0x77, 0x0e, 0xdd, 0x2b, 0x19, 0xdb, 0x70, 0x12, 0x57,
    0xb1, 0x8d, 0x8d, 0x01, 0x1f, 0x72, 0x57, 0x4e, 0x5a, 0xbf, 0x49, 0x61, 0x78, 0x4b, 0x00, 0x9f, 0x99, 0x8e, 0xcd, 0x05,
    0xf0, 0x96, 0xeb, 0x5f, 0x77, 0xd4, 0xb4, 0xf2, 0x3d, 0x8b, 0xab, 0x12, 0x89, 0xf5, 0x11, 0x9a, 0x5b, 0xf8, 0xc7, 0x0a,
    0x53, 0x5f, 0xef, 0x2f, 0xb9, 0x57, 0x4e, 0x9c, 0x04, 0x30, 0x9e, 0x7b, 0xec, 0x09, 0x1a, 0xf1, 0x13, 0xb1, 0x81, 0xee,
    0x70, 0x81, 0x7e, 0xf7, 0x9b, 0x41, 0xf2, 0x5f, 0x6f, 0x97, 0x3b, 0x42, 0xde, 0x23, 0x9e, 0x03, 0xb0, 0x85, 0xbb, 0xc6,
    0xd1, 0x5a, 0x60, 0x90, 0xa5, 0x6c, 0x22, 0xb5, 0x6f, 0x16, 0x5b, 0xdd, 0xdb, 0x01, 0x7c, 0x80, 0xdc, 0xec, 0x3d, 0xca,
    0xf8, 0xdf, 0x98, 0xda, 0x62, 0x82, 0xa5, 0xec, 0x3b, 0x92, 0x7b, 0x73, 0x08, 0x46, 0xae, 0x27, 0x2c, 0x65, 0x3b, 0x01,
    0x24, 0x48, 0xb5, 0x19, 0xda, 0x8a, 0xfa, 0x0a, 0x92, 0xd0, 0xc4, 0x81, 0xff, 0x87, 0x01, 0xa6, 0xf1, 0x72, 0x86, 0x26,
    0x29, 0x9e, 0xb1, 0x3c, 0x61, 0x35, 0xdc, 0x8b, 0x1b, 0x04, 0x3a, 0x80, 0xc0, 0xb6, 0x49, 0x46, 0x02, 0x77, 0x5d, 0x5f,
    0x95, 0x9e, 0xd0, 0xfa, 0x0c, 0x8b, 0xa8, 0xac, 0x70, 0xd8, 0xf8, 0x7f, 0x17, 0x5d, 0xbf, 0xa1, 0xad, 0x7c, 0xa4, 0xc1,
    0xb1, 0xa7, 0x01, 0x2c, 0x95, 0xb4, 0xad, 0x79, 0x0e, 0x1a, 0x8f, 0xf3, 0x9c, 0xde, 0xa0, 0xa3, 0x23, 0x5b, 0x4f, 0x15,
    0x37, 0xd6, 0xff, 0x55, 0xf0, 0x29, 0xe7, 0x8d, 0xea, 0x38, 0x0a, 0xa0, 0x2c, 0xfb, 0x5e, 0xdf, 0x32, 0xc6, 0xb7, 0xa5,
    0xd9, 0x21, 0xbb, 0xab, 0x5f, 0x57, 0x9d, 0x7a, 0x52, 0x7e, 0x93, 0xa4, 0xb9, 0x44, 0x52, 0xbb, 0x35, 0x80, 0xf5, 0x82,
    0x63, 0xef, 0x00, 0xf8, 0x1b, 0x79, 0xa4, 0x77, 0x7b, 0x85, 0x66, 0xb2, 0x12, 0x82, 0x55, 0x4f, 0x07, 0xcc, 0x20, 0x79,
    0xf5, 0x22, 0xe6, 0xe2, 0x19, 0x8e, 0x5c, 0xee, 0x9d, 0xff, 0x71, 0x80, 0xe3, 0x75, 0xbc, 0x63, 0x31, 0xc0, 0x5d, 0x73,
    0x76, 0xa2, 0x77, 0x75, 0xab, 0xa5, 0xec, 0x1e, 0x2a, 0x6b, 0x65, 0xab, 0x5b, 0xc3, 0x90, 0x2f, 0x9c, 0xf8, 0x5f, 0x08,
    0x8d, 0xd1, 0x3e, 0x40, 0xa3, 0x3a, 0x80, 0xae, 0x7a, 0x83, 0xad, 0x6e, 0x11, 0xd4, 0x45, 0xcb, 0x80, 0xfe, 0x35, 0x9e,
    0xda, 0x3c, 0x56, 0x72, 0x87, 0x6c, 0xd8, 0x01, 0x60, 0x04, 0xf2, 0x38, 0xf0, 0xff, 0x2c, 0x80, 0x01, 0xae, 0x5a, 0x28,
    0x12, 0x7b, 0x00, 0xcc, 0xf0, 0xd5, 0xba, 0xd9, 0x48, 0x53, 0x34, 0x44, 0xa0, 0x15, 0xd7, 0x3e, 0xcf, 0xda, 0x78, 0x98,
    0x88, 0x82, 0x61, 0xe3, 0xff, 0x6d, 0x74, 0xcf, 0xda, 0x9c, 0x71, 0x79, 0x20, 0xad, 0xbe, 0xb5, 0x95, 0xed, 0x40, 0x4e,
    0xab, 0x95, 0xc7, 0x11, 0x82, 0x26, 0xe7, 0xfd, 0xc1, 0xbe, 0x1f, 0x21, 0xad, 0x85, 0xf6, 0xff, 0x67, 0x9c, 0x3b, 0xcd,
    0xa4, 0x31, 0x33, 0xaf, 0x45, 0xff, 0x97, 0x0f, 0x7f, 0x01, 0xa6, 0xf5, 0x43, 0x2a, 0xb4, 0xb9, 0xa6, 0xa4, 0x21, 0x67,
    0x02, 0xfb, 0xd9, 0xf7, 0x7c, 0x38, 0x86, 0xab, 0x9c, 0xf1, 0x4a, 0x34, 0x27, 0x27, 0xb1, 0x77, 0x1e, 0x85, 0x6e, 0xa4,
    0x51, 0x69, 0x22, 0xd5, 0x42, 0x0f, 0x14, 0xc8, 0xd3, 0xb1, 0xb8, 0x18, 0xb0, 0x06, 0xe1, 0x21, 0x17, 0xe9, 0x98, 0xc4,
    0xfa, 0x9a, 0x9b, 0x71, 0x1e, 0x17, 0x68, 0x26, 0xe2, 0x1f, 0x6f, 0x87, 0xd1, 0x06, 0xf6, 0x02, 0xf8, 0xc2, 0xf4, 0xf7,
    0x2d, 0xb6, 0xda, 0xb9, 0x71, 0x01, 0x3f, 0x85, 0xbc, 0x3f, 0x64, 0x21, 0x1e, 0x34, 0xe5, 0xea, 0x79, 0xb4, 0x11, 0xd0,
    0x3a, 0xc3, 0x65, 0xa7, 0xf6, 0x7d, 0x55, 0x72, 0xbd, 0x1f, 0x5d, 0xe8, 0xff, 0x78, 0x63, 0xdf, 0x9f, 0xae, 0xe6, 0xd2,
    0x6c, 0x38, 0x6e, 0xe8, 0xa9, 0x44, 0x18, 0x49, 0xba, 0xa2, 0x6c, 0x0e, 0xfc, 0x8f, 0x26, 0x09, 0xed, 0x79, 0x57, 0xcf,
    0x57, 0x86, 0xae, 0xd4, 0xc2, 0x57, 0xfb, 0xbe, 0x4e, 0xeb, 0x22, 0xd1, 0xec, 0xa5, 0x8d, 0x0d, 0x6b, 0x2d, 0x23, 0xcd,
    0x41, 0x00, 0x6b, 0xc2, 0x28, 0xff, 0xd7, 0xa1, 0xdf, 0x52, 0xcd, 0xf3, 0x79, 0xc5, 0x30, 0x8b, 0xf0, 0x1b, 0x2e, 0xb2,
    0x6f, 0xb3, 0xf0, 0x31, 0x49, 0x8e, 0xda, 0x37, 0x9e, 0x6e, 0x73, 0xad, 0x69, 0xf6, 0x4d, 0xd5, 0xff, 0xb7, 0xc6, 0x33,
    0x9c, 0xd1, 0x27, 0x02, 0xbf, 0x9a, 0x64, 0xdb, 0xc7, 0x4c, 0xf3, 0xf2, 0x0c, 0x43, 0xc6, 0x2e, 0x8c, 0xbb, 0x71, 0x8f,
    0xa3, 0x64, 0x14, 0x0f, 0xe0, 0x7d, 0x3c, 0x89, 0xdd, 0x00, 0x2e, 0xe3, 0x25, 0x9f, 0xad, 0xd4, 0xca, 0x51, 0x67, 0xa6,
    0x43, 0x5b, 0xd3, 0xec, 0x10, 0x1c, 0x8b, 0xc5, 0x2f, 0x48, 0x40, 0x6d, 0x9c, 0xc2, 0x31, 0xc1, 0x53, 0x4f, 0x15, 0xea,
    0x8a, 0x81, 0xfb, 0x6c, 0xb5, 0x6b, 0x61, 0x1e, 0x5a, 0x86, 0xbc, 0x3f, 0x34, 0x22, 0x09, 0x25, 0xbb, 0xc0, 0x1e, 0x63,
    0xd7, 0x03, 0x6b, 0xe3, 0xf7, 0xd8, 0x90, 0xf2, 0x3f, 0x27, 0x5d, 0x73, 0xbe, 0x07, 0x5d, 0xc6, 0xc3, 0x92, 0x1a, 0x0d,
    0x90, 0x84, 0x2b, 0xa4, 0x01, 0x92, 0xf3, 0xbf, 0x00, 0x1d, 0x7d, 0x1c, 0x39, 0x70, 0x2f, 0x5e, 0xc2, 0x08, 0x3c, 0x8d,
    0xfa, 0xc2, 0xd5, 0x7c, 0x43, 0xaa, 0x7b, 0x33, 0xa2, 0x51, 0x17, 0x2f, 0x61, 0x01, 0xa6, 0xa1, 0xa7, 0x21, 0xab, 0xca,
    0x51, 0x0e, 0x97, 0x84, 0xba, 0x4d, 0x0d, 0x6f, 0xd2, 0xfa, 0xb8, 0x4a, 0xc0, 0xea, 0xe8, 0xf9, 0x30, 0xf2, 0xbf, 0x3a,
    0xdd, 0xc1, 0xbf, 0x95, 0x71, 0xbb, 0x69, 0xbc, 0xaa, 0x2d, 0xfd, 0x6d, 0xb3, 0x49, 0xb7, 0x91, 0xcd, 0xa5, 0xfd, 0x4f,
    0xd3, 0xc6, 0x76, 0x37, 0x69, 0xde, 0xf4, 0xfe, 0x70, 0x37, 0x92, 0x71, 0x00, 0xb9, 0x10, 0x85, 0xb7, 0x0d, 0x66, 0xbc,
    0x2d, 0xb5, 0xd8, 0x3f, 0x6a, 0xd4, 0xfb, 0xc2, 0x85, 0xcf, 0x81, 0x08, 0x13, 0xe8, 0x0a, 0xb7, 0x38, 0xd6, 0x9b, 0x43,
    0xef, 0xaf, 0xb8, 0xf0, 0xd8, 0x10, 0xb2, 0x43, 0x03, 0x2b, 0xb8, 0xb3, 0x5b, 0x6b, 0x0c, 0x32, 0xf0, 0x0b, 0x8d, 0x96,
    0xa9, 0x7f, 0x57, 0x4a, 0x23, 0x7f, 0x90, 0x37, 0x00, 0xac, 0xe4, 0x1e, 0x59, 0x45, 0x1a, 0xae, 0xc0, 0x52, 0x4d, 0xef,
    0x35, 0x37, 0xa4, 0xfc, 0xff, 0x98, 0xac, 0xb5, 0x32, 0x3e, 0xc5, 0xa0, 0x14, 0xea, 0x60, 0x00, 0xbe, 0x45, 0x22, 0x2e,
    0x63, 0x12, 0x47, 0x53, 0x90, 0x3a, 0x96, 0xec, 0x03, 0x98, 0x85, 0x50, 0xce, 0xff, 0x32, 0x4c, 0xf3, 0x7e, 0xcc, 0x34,
    0xe6, 0xfe, 0x14, 0xb0, 0xda, 0xb1, 0xda, 0xcc, 0xae, 0xc3, 0x7c, 0x53, 0xdd, 0xf3, 0xe8, 0xe1, 0x42, 0x62, 0x79, 0x1f,
    0xc0, 0x8f, 0x92, 0x7a, 0xb9, 0x30, 0x16, 0x49, 0x48, 0xc6, 0x46, 0xbc, 0x82, 0xd7, 0xf0, 0x3d, 0xae, 0xe2, 0x12, 0x06,
    0x99, 0xac, 0x6b, 0xa1, 0xc7, 0xcd, 0xf4, 0xf4, 0x7e, 0x57, 0x91, 0xb1, 0x16, 0xfb, 0x64, 0x0f, 0xd3, 0x9a, 0x5d, 0x64,
    0x69, 0x58, 0x85, 0xd2, 0xae, 0xf8, 0x3f, 0xdc, 0xa4, 0x4b, 0xd3, 0x6c, 0x91, 0xcf, 0x91, 0xc4, 0xfb, 0x1b, 0x92, 0x49,
    0x57, 0xf9, 0x1a, 0xcd, 0x52, 0x03, 0xd1, 0x97, 0xe4, 0xf2, 0x7e, 0x12, 0x4f, 0x16, 0xfd, 0x7d, 0xee, 0x32, 0xbd, 0xc9,
    0x68, 0xd4, 0x74, 0x25, 0x5b, 0x06, 0xca, 0x65, 0x57, 0x5c, 0xd8, 0x1b, 0xfb, 0xd2, 0xdd, 0x9e, 0xe4, 0x6a, 0x8c, 0x37,
    0xe0, 0x00, 0xf5, 0xd4, 0x28, 0x6c, 0xc1, 0x4e, 0x81, 0x96, 0xc0, 0xdb, 0xfa, 0x3f, 0x1c, 0xf8, 0x1e, 0xc0, 0xcb, 0x82,
    0x91, 0x1e, 0x88, 0xb7, 0x95, 0xfe, 0x00, 0xe0, 0xeb, 0x10, 0xf2, 0xff, 0x75, 0xce, 0x1a, 0x98, 0xaf, 0x27, 0xd3, 0x3e,
    0xb3, 0xa5, 0xfe, 0x07, 0xfa, 0xb8, 0xfd, 0x13, 0xd3, 0x0e, 0xca, 0xf9, 0x5f, 0xc3, 0xe0, 0xf1, 0x72, 0x8c, 0xc6, 0x24,
    0x6c, 0x62, 0xde, 0x05, 0xb7, 0x73, 0x6d, 0x7f, 0x9a, 0x85, 0x64, 0x01, 0x71, 0xb9, 0x27, 0x9a, 0xe1, 0x25, 0xd6, 0xcb,
    0x9c, 0xde, 0x57, 0x09, 0x5a, 0x1f, 0x36, 0x77, 0xa8, 0xd5, 0x84, 0x79, 0x2a, 0x80, 0xd6, 0x5b, 0xb7, 0x84, 0xf9, 0x7d,
    0xeb, 0x16, 0xb2, 0x92, 0x3e, 0xcf, 0xbe, 0xdd, 0xd2, 0xa2, 0x1f, 0x38, 0xac, 0xda, 0xde, 0x67, 0xfa, 0xff, 0xf5, 0xf8,
    0x1d, 0x57, 0x90, 0x53, 0x7a, 0xe5, 0x52, 0x48, 0xc2, 0x65, 0x0c, 0x43, 0x61, 0x4c, 0x44, 0x32, 0xce, 0x92, 0x2e, 0x59,
    0xd3, 0x36, 0x4f, 0xa5, 0x35, 0xea, 0xef, 0xc6, 0x6c, 0x5c, 0x05, 0xc0, 0x11, 0xae, 0xa4, 0x96, 0x0d, 0xef, 0x90, 0xbd,
    0x68, 0x0b, 0x49, 0xfe, 0xb7, 0x5a, 0xb4, 0x7c, 0x3b, 0x1c, 0x3c, 0x01, 0x03, 0xa1, 0xbd, 0x91, 0x9d, 0x2e, 0xea, 0xb5,
    0xa6, 0x5f, 0x38, 0x44, 0xa0, 0x35, 0x2a, 0x61, 0xfc, 0xb6, 0xac, 0x21, 0xb0, 0xff, 0x87, 0x03, 0xf9, 0x69, 0x3d, 0xcf,
    0x5f, 0x0d, 0xee, 0xe6, 0x6a, 0x4f, 0x35, 0x5d, 0xfd, 0x86, 0x10, 0xf1, 0x3f, 0x0b, 0xeb, 0x21, 0x4e, 0xfe, 0x82, 0xa9,
    0xfc, 0xff, 0x0b, 0x8b, 0x4c, 0xbe, 0x67, 0x81, 0xb8, 0x13, 0xc9, 0xb8, 0x84, 0xca, 0x86, 0x1f, 0xa8, 0x8c, 0xff, 0x0d,
    0x70, 0x14, 0x47, 0xb1, 0x98, 0x66, 0xa7, 0x14, 0x6b, 0x50, 0x12, 0xe9, 0x9d, 0xec, 0xfd, 0x74, 0x18, 0xbb, 0x7b, 0xaa,
    0xed, 0xa5, 0x20, 0x69, 0x04, 0x4f, 0xa1, 0x80, 0xf4, 0xb9, 0xc7, 0x92, 0x2d, 0x2f, 0x4a, 0xaa, 0x59, 0xec, 0x88, 0x23,
    0x34, 0xd7, 0xac, 0xc0, 0x5a, 0xd2, 0x57, 0x1d, 0xc4, 0xa3, 0x9e, 0x67, 0x2b, 0x2f, 0x28, 0x45, 0xbf, 0xa4, 0xa8, 0xcf,
    0xb3, 0x5f, 0x06, 0x4c, 0x96, 0xdb, 0x5d, 0x58, 0xe1, 0x50, 0xff, 0x09, 0xd2, 0x67, 0xe8, 0x9f, 0x04, 0xac, 0xc1, 0x8b,
    0x02, 0x7b, 0xb9, 0xae, 0x6f, 0xbe, 0x42, 0xda, 0x7b, 0x6d, 0x4c, 0x6e, 0x49, 0x63, 0xcd, 0x55, 0x1c, 0x21, 0x0d, 0xfc,
    0xad, 0x34, 0xa3, 0x9b, 0xe7, 0x66, 0x9e, 0x2f, 0xc0, 0x7a, 0x92, 0x23, 0xbb, 0x20, 0x92, 0xfc, 0x7e, 0x76, 0x1b, 0xef,
    0xf1, 0x73, 0x17, 0x3d, 0x2c, 0xd0, 0x83, 0x18, 0x12, 0xcf, 0x1f, 0xbb, 0x14, 0x39, 0x39, 0x04, 0xef, 0x25, 0x7d, 0xf8,
    0xdf, 0x0e, 0xc0, 0x49, 0x41, 0x7f, 0xfb, 0x1a, 0xc0, 0x37, 0xb6, 0x52, 0xad, 0xdf, 0x7f, 0x1a, 0x12, 0xfe, 0xe7, 0xa3,
    0x15, 0xc6, 0x55, 0x81, 0xf4, 0x61, 0xd5, 0xd5, 0xe5, 0xc3, 0x75, 0xa8, 0x89, 0x67, 0x48, 0xb3, 0x9f, 0x24, 0x68, 0xa7,
    0x3c, 0xf8, 0x0d, 0xc0, 0x2b, 0x01, 0x6f, 0xf1, 0x01, 0x0f, 0xad, 0xb1, 0x82, 0xce, 0xe8, 0xc8, 0xf5, 0xf4, 0x08, 0xf4,
    0x3a, 0xb8, 0x8f, 0xca, 0x1e, 0x93, 0x5a, 0x3a, 0xce, 0x03, 0x18, 0x2e, 0xbd, 0xe3, 0x3c, 0x00, 0xff, 0xe0, 0x69, 0x36,
    0x8e, 0x14, 0xc4, 0xe3, 0xa4, 0x0b, 0x99, 0x1b, 0xc6, 0x37, 0x7e, 0x1d, 0x3d, 0x77, 0x7e, 0x1f, 0x7a, 0x83, 0xba, 0xa8,
    0x8b, 0x2f, 0xf0, 0x37, 0xfd, 0xaf, 0xa1, 0x31, 0xae, 0xe2, 0x03, 0xf6, 0x3d, 0x8b, 0xc4, 0x23, 0xaf, 0x01, 0xde, 0x20,
    0xab, 0x41, 0x8a, 0xbc, 0xf5, 0x82, 0x70, 0x44, 0xac, 0x81, 0xbe, 0x98, 0x89, 0x97, 0x68, 0xed, 0x9b, 0x83, 0x56, 0x72,
    0x2d, 0x8d, 0x59, 0x76, 0x85, 0xe5, 0x2d, 0xb5, 0xe5, 0xea, 0x35, 0x92, 0xd9, 0x4c, 0x56, 0x84, 0x2c, 0xf3, 0x53, 0x98,
    0xbc, 0x73, 0x15, 0x09, 0x92, 0x51, 0x87, 0xaf, 0xb5, 0x81, 0xb1, 0x8a, 0x74, 0xb2, 0x0c, 0x9d, 0x73, 0xe0, 0x43, 0xc6,
    0xe6, 0xbf, 0xa6, 0x81, 0x9c, 0x23, 0xb1, 0x36, 0xda, 0x65, 0xa0, 0x53, 0x36, 0xeb, 0xbd, 0x3f, 0xfe, 0x97, 0xa5, 0x71,
    0xfc, 0x3c, 0x47, 0xcf, 0x29, 0x97, 0x18, 0x56, 0xd0, 0x1c, 0x1d, 0x29, 0xf0, 0x56, 0x5a, 0x6b, 0x92, 0x0c, 0xbd, 0xf3,
    0xff, 0x41, 0x3a, 0x63, 0x24, 0xd7, 0x4f, 0x04, 0xf8, 0x5f, 0x80, 0x35, 0x06, 0x0e, 0xbe, 0xdd, 0x2f, 0x38, 0x6a, 0xda,
    0x0a, 0xd1, 0x8c, 0x3f, 0xd6, 0xa6, 0xbf, 0xba, 0x2c, 0xf1, 0x3a, 0x0b, 0x16, 0xba, 0xde, 0x33, 0x97, 0xe7, 0xf3, 0x0e,
    0x49, 0x74, 0xd5, 0x40, 0x21, 0x17, 0xfe, 0xff, 0xad, 0x31, 0x9b, 0x6c, 0x4d, 0x22, 0x79, 0xd9, 0x8a, 0xd1, 0x86, 0x3f,
    0xa2, 0xee, 0xa7, 0x17, 0x67, 0xe9, 0x97, 0x5d, 0xb9, 0x56, 0x9f, 0x54, 0xbb, 0x62, 0x1b, 0xba, 0x8f, 0x36, 0x4a, 0xbc,
    0xed, 0xc3, 0x72, 0x5b, 0xcb, 0x71, 0x6c, 0x4f, 0xc5, 0xd6, 0x10, 0xd9, 0x6b, 0xd2, 0x87, 0xff, 0x87, 0x04, 0xda, 0x8b,
    0x14, 0x0f, 0x88, 0x13, 0x36, 0xfe, 0x25, 0x4a, 0xf5, 0x2f, 0x6e, 0xf9, 0x5f, 0x91, 0x46, 0xe8, 0x13, 0x02, 0x7d, 0x9b,
    0x0c, 0x95, 0x02, 0x24, 0x71, 0xab, 0x8e, 0x7e, 0x0c, 0x7a, 0x1b, 0xe8, 0x4f, 0x25, 0xb3, 0xe8, 0x7b, 0x4e, 0x57, 0xd7,
    0x8e, 0xa1, 0xd1, 0x7c, 0x91, 0xc0, 0x66, 0x1e, 0x68, 0x0d, 0x3a, 0x6d, 0xea, 0xa1, 0x3c, 0xac, 0x24, 0x7d, 0x81, 0xec,
    0x7e, 0x5d, 0xe9, 0xba, 0x95, 0x03, 0xa4, 0x22, 0x48, 0xfd, 0xca, 0x83, 0x45, 0x0c, 0xb5, 0x47, 0xb4, 0xe7, 0xf3, 0xee,
    0x40, 0x2b, 0xf2, 0x0c, 0x7a, 0x17, 0xad, 0x18, 0xe6, 0x21, 0x19, 0x0f, 0xb2, 0xef, 0x31, 0x2e, 0xf7, 0xff, 0xe4, 0x27,
    0x29, 0xfd, 0xb2, 0xa3, 0xfe, 0xa1, 0x0e, 0x92, 0x70, 0xc2, 0x58, 0x5d, 0x69, 0x9e, 0x28, 0xcb, 0x2d, 0xf3, 0xff, 0xd3,
    0xdc, 0x9e, 0xdc, 0x37, 0x60, 0x66, 0xfb, 0x13, 0xe5, 0xf0, 0x37, 0x92, 0x03, 0x5a, 0xd8, 0x19, 0x37, 0xd2, 0x3b, 0x70,
    0xe7, 0xb7, 0xff, 0x97, 0x83, 0x8f, 0x91, 0xfb, 0xb9, 0xe7, 0x35, 0x1f, 0x56, 0xd9, 0xe0, 0x70, 0x23, 0xc9, 0x4c, 0xc5,
    0x04, 0x47, 0x7b, 0x50, 0x2b, 0x94, 0xe7, 0x78, 0xef, 0x3d, 0x14, 0x24, 0xff, 0xcb, 0x90, 0x3e, 0xe7, 0x50, 0xc0, 0xb5,
    0x79, 0xb2, 0x6a, 0x0d, 0x9b, 0xad, 0x38, 0x8a, 0x46, 0xa0, 0xc9, 0x02, 0xef, 0x68, 0xd1, 0xa7, 0xa8, 0x4b, 0x5f, 0x9d,
    0x24, 0xae, 0x74, 0x73, 0x03, 0x5d, 0xe3, 0xa3, 0x00, 0x8f, 0x67, 0x90, 0x97, 0x91, 0x58, 0x53, 0xae, 0xe9, 0x90, 0x5e,
    0x74, 0xf4, 0xbc, 0x3a, 0x6e, 0x93, 0x28, 0x2f, 0xd1, 0xa8, 0x95, 0x11, 0xf7, 0x0e, 0x6b, 0x1a, 0xfd, 0xd4, 0xfd, 0x94,
    0x9f, 0x19, 0x3e, 0x3a, 0x5e, 0xf6, 0xff, 0x55, 0x31, 0x66, 0x66, 0xd9, 0x18, 0xb5, 0xc3, 0x22, 0xb9, 0xdd, 0x4d, 0x3e,
    0x14, 0x29, 0x7f, 0xfd, 0xc6, 0xdd, 0xbf, 0x70, 0x30, 0x40, 0x92, 0x8d, 0x25, 0x4b, 0xd5, 0x49, 0xcb, 0xc8, 0xe1, 0x5e,
    0x2b, 0x06, 0x87, 0xb1, 0xdd, 0xba, 0x9a, 0x9a, 0x96, 0x49, 0xf7, 0x82, 0xf7, 0x90, 0x6a, 0x39, 0x0b, 0x53, 0x0f, 0xee,
    0x6d, 0x29, 0x1b, 0x43, 0x3a, 0xb8, 0xec, 0x41, 0xf1, 0x5f, 0xf7, 0x9d, 0xdf, 0x25, 0xb0, 0x9a, 0x9a, 0xb1, 0x9a, 0xe6,
    0x8a, 0xd2, 0x1c, 0xfd, 0x95, 0x7d, 0x27, 0x68, 0x35, 0x8c, 0x0c, 0xc0, 0x38, 0xaa, 0xb9, 0x98, 0xbe, 0xc7, 0x72, 0xf6,
    0xc1, 0x8e, 0xc5, 0xd4, 0x80, 0x75, 0xab, 0xee, 0x1b, 0xd3, 0x8d, 0xf3, 0x24, 0x1b, 0xe9, 0x77, 0x47, 0xdb, 0x74, 0x02,
    0x9d, 0x84, 0xcf, 0x7e, 0x9f, 0xc0, 0xcf, 0x3e, 0xd0, 0x9b, 0x3a, 0x29, 0xc0, 0xda, 0x77, 0xbd, 0xe3, 0xba, 0x22, 0xfd,
    0x30, 0x0c, 0x89, 0x26, 0x49, 0xea, 0x0f, 0xe1, 0xca, 0x51, 0xb7, 0x14, 0x8c, 0xc5, 0x22, 0x43, 0x2e, 0x48, 0xe5, 0xbf,
    0xee, 0xa1, 0xf7, 0x3f, 0x47, 0x9b, 0xf4, 0xfc, 0x00, 0x3f, 0xc9, 0x94, 0x76, 0xca, 0x45, 0x7e, 0x5b, 0x15, 0xb8, 0xfb,
    0x83, 0x2f, 0x59, 0xfc, 0x26, 0xeb, 0xb1, 0xfd, 0x9a, 0xad, 0x3d, 0xff, 0xce, 0x48, 0xd2, 0x44, 0xfe, 0xe4, 0xda, 0x9b,
    0x7a, 0x78, 0x26, 0xe5, 0xff, 0x52, 0x07, 0x5f, 0x9e, 0xb9, 0xe4, 0x79, 0x9d, 0xdf, 0xb4, 0x1f, 0xfa, 0x0f, 0xf2, 0xbf,
    0x88, 0x08, 0x8a, 0xff, 0xc3, 0xe9, 0x4d, 0xdd, 0xe4, 0xd2, 0xeb, 0x5e, 0xf3, 0xe6, 0x0a, 0xec, 0x1b, 0xee, 0x56, 0xf5,
    0xf2, 0xf5, 0xff, 0x10, 0x3a, 0xda, 0xd7, 0x52, 0xf6, 0x25, 0x69, 0xe2, 0x6f, 0x12, 0x7a, 0x95, 0xdc, 0x69, 0x99, 0xd1,
    0x34, 0x6b, 0xa1, 0x38, 0x1a, 0xc1, 0x5b, 0x1c, 0xe9, 0xc9, 0x1e, 0xa1, 0xc0, 0xbe, 0xce, 0xd4, 0xd7, 0x04, 0x0f, 0x86,
    0x71, 0xff, 0xef, 0x56, 0x6c, 0xe5, 0x5a, 0x39, 0x9d, 0xf1, 0x05, 0xb6, 0x99, 0xfa, 0x82, 0xdc, 0x4f, 0xe9, 0x69, 0xfa,
    0x1d, 0x2f, 0xd9, 0xf8, 0xff, 0x9c, 0xe3, 0xb8, 0x58, 0x15, 0x57, 0xf0, 0x67, 0x40, 0xa4, 0x89, 0x1f, 0xc9, 0x57, 0x2b,
    0xa5, 0xcd, 0x36, 0x70, 0x2d, 0x71, 0xc9, 0x24, 0xa3, 0x55, 0x35, 0x66, 0xaf, 0x8f, 0x98, 0xec, 0x77, 0x1a, 0xc3, 0xe9,
    0x6a, 0x91, 0x1e, 0xd7, 0xc5, 0x17, 0x5c, 0xd8, 0x0c, 0x7b, 0xd2, 0x1d, 0xba, 0x67, 0x4a, 0xf6, 0x67, 0xa5, 0xdd, 0xfa,
    0x2d, 0xa5, 0xd1, 0x4b, 0xb4, 0x11, 0xf4, 0x5b, 0xea, 0xc5, 0x91, 0xa8, 0x4a, 0x1a, 0xbb, 0x0b, 0x5c, 0xdf, 0x91, 0x92,
    0x28, 0xcf, 0xb0, 0x83, 0xde, 0x4f, 0xca, 0x5f, 0x05, 0x39, 0x6b, 0x8e, 0x04, 0xf2, 0xf4, 0x28, 0x6f, 0x43, 0x7e, 0x8e,
    0x74, 0x75, 0x8c, 0x18, 0x39, 0x12, 0xb7, 0x23, 0x0b, 0x62, 0x70, 0x0f, 0xa6, 0x90, 0xf4, 0xbf, 0x43, 0xe2, 0x01, 0xe4,
    0x96, 0xff, 0x65, 0x68, 0x57, 0xd6, 0x25, 0x74, 0x67, 0x1e, 0x05, 0xc5, 0xd9, 0xce, 0x9b, 0x61, 0x82, 0xb6, 0x3a, 0x4c,
    0xeb, 0xc9, 0x3b, 0x99, 0x7c, 0x3a, 0x92, 0x7a, 0x9b, 0x6c, 0xec, 0xfc, 0x88, 0xd6, 0x56, 0xf2, 0x5d, 0x2b, 0x79, 0x69,
    0xe7, 0xf5, 0x49, 0x93, 0xf7, 0xf5, 0x5d, 0xa4, 0x29, 0xdf, 0x16, 0x46, 0x0f, 0xa0, 0xee, 0xf4, 0x2b, 0xdb, 0xf8, 0x38,
    0x33, 0x12, 0x7f, 0x99, 0x24, 0x5d, 0xcd, 0x27, 0xaa, 0x8e, 0xa4, 0x76, 0x6e, 0xd2, 0xf5, 0x9d, 0x41, 0x5d, 0xe2, 0x5d,
    0x0a, 0xff, 0x4b, 0x13, 0xb3, 0x4e, 0x4b, 0xf6, 0xd5, 0x64, 0xa1, 0x7d, 0x9b, 0x8f, 0xd9, 0x62, 0x8e, 0x5c, 0x25, 0xcd,
    0xcc, 0x52, 0x1a, 0x75, 0xf9, 0x9e, 0xd8, 0xe3, 0x19, 0xdf, 0xf7, 0x60, 0x3a, 0xbe, 0x21, 0xdb, 0xcb, 0x9f, 0x78, 0x87,
    0x45, 0xa4, 0xb8, 0x88, 0x83, 0x52, 0x69, 0x25, 0x10, 0x33, 0x5c, 0x7a, 0x49, 0xe9, 0xf6, 0xeb, 0x8a, 0x99, 0x92, 0xff,
    0xb7, 0x91, 0x74, 0x2d, 0xd7, 0x04, 0xdf, 0x4f, 0xab, 0x51, 0x6d, 0xdf, 0xf6, 0x1f, 0xcc, 0x3f, 0xa5, 0x81, 0x70, 0x2f,
    0x2d, 0xef, 0xf3, 0x16, 0x57, 0xaf, 0xeb, 0x3e, 0x3e, 0x46, 0x2d, 0x7a, 0x8f, 0x20, 0x2b, 0xd9, 0x19, 0xf6, 0xed, 0x8c,
    0xc9, 0x5f, 0xd6, 0x3f, 0xff, 0x23, 0xd0, 0xdc, 0x88, 0x42, 0x72, 0x80, 0x76, 0x9f, 0x81, 0xfc, 0x9d, 0xb2, 0x09, 0xed,
    0x15, 0xbb, 0xa9, 0xc6, 0x49, 0x6c, 0x65, 0x6d, 0xb2, 0x51, 0xaa, 0xa5, 0x5f, 0x4d, 0x75, 0x9d, 0x9e, 0xb1, 0x36, 0xeb,
    0x9f, 0x3b, 0xb0, 0x90, 0x62, 0x5f, 0xe9, 0x6d, 0x5c, 0x39, 0x8c, 0x6f, 0xdd, 0x3f, 0xff, 0xcb, 0x5a, 0xf4, 0xee, 0xa3,
    0x91, 0xe0, 0xa0, 0xf5, 0x6b, 0xc6, 0xfc, 0x9a, 0x7e, 0xc7, 0x44, 0xec, 0x45, 0x22, 0x06, 0x61, 0x0b, 0x8d, 0x9a, 0xc9,
    0xd2, 0xbb, 0x6b, 0x1e, 0x75, 0xcb, 0xb8, 0xeb, 0xa9, 0x03, 0x48, 0x46, 0x32, 0xf6, 0x48, 0xfc, 0xa9, 0x5a, 0x63, 0x9b,
    0x11, 0x2d, 0xe6, 0x18, 0xc6, 0xd3, 0x8c, 0x52, 0x0e, 0x9f, 0xb1, 0xa8, 0x11, 0x53, 0x3d, 0xfc, 0xd6, 0xf6, 0x82, 0x28,
    0x29, 0x81, 0xd8, 0x20, 0x8d, 0x20, 0x90, 0xb1, 0x31, 0xd4, 0xc1, 0x93, 0x2f, 0x45, 0xe3, 0xb7, 0x96, 0x71, 0xf0, 0x1f,
    0x7c, 0x2e, 0xec, 0x99, 0xee, 0xf9, 0x3f, 0xd6, 0x13, 0xff, 0xb5, 0x79, 0x79, 0x2c, 0xe3, 0x88, 0xce, 0xfd, 0xb7, 0x5d,
    0xef, 0x8d, 0x73, 0xb6, 0xff, 0x55, 0xc1, 0x6c, 0x5a, 0xe9, 0xe9, 0x9e, 0x7f, 0x3b, 0x1d, 0x56, 0x15, 0xf9, 0x31, 0xc7,
    0xf0, 0x16, 0x3e, 0x81, 0xbe, 0x0e, 0x3a, 0xf4, 0xdd, 0x0e, 0x51, 0x34, 0x52, 0xf7, 0x38, 0x8e, 0x65, 0x56, 0x31, 0x5d,
    0x56, 0x1d, 0xe5, 0xc3, 0x36, 0x9f, 0x51, 0x71, 0x97, 0x11, 0x85, 0x25, 0xf5, 0xf3, 0x8b, 0xaf, 0xb1, 0x27, 0xc5, 0xeb,
    0x2a, 0x9f, 0x8b, 0xdd, 0x24, 0x95, 0xd1, 0x30, 0xa0, 0x8f, 0x44, 0xa2, 0xa4, 0x74, 0xc7, 0x28, 0xef, 0x4e, 0x49, 0x2e,
    0x76, 0x87, 0x46, 0xd3, 0x9c, 0x34, 0x39, 0x93, 0xbe, 0x9d, 0x4d, 0x0e, 0xf1, 0x0d, 0xcc, 0x32, 0x59, 0x35, 0x54, 0x0a,
    0xab, 0x57, 0x9a, 0x93, 0xe4, 0x79, 0x1d, 0xea, 0xa1, 0x4e, 0x58, 0x76, 0xc5, 0x67, 0x45, 0x19, 0xdc, 0x8e, 0x9b, 0x5c,
    0xf8, 0x7a, 0xa7, 0xf8, 0xf4, 0x36, 0x70, 0xb4, 0x76, 0x7b, 0x47, 0x61, 0xd4, 0x45, 0xed, 0x30, 0x5c, 0x37, 0xfd, 0xd1,
    0x18, 0x2f, 0x63, 0x1a, 0xfe, 0xc2, 0x55, 0x7c, 0x88, 0x3e, 0xb8, 0xc7, 0x87, 0xe5, 0x31, 0x7d, 0x30, 0x9b, 0x2c, 0x54,
    0x59, 0x1d, 0x63, 0x29, 0x5e, 0x75, 0x29, 0x8d, 0x66, 0x3c, 0x34, 0x43, 0x73, 0xc7, 0x78, 0x9e, 0x0a, 0x0a, 0xa1, 0x80,
    0x9b, 0xf8, 0x9f, 0x19, 0x0b, 0xe5, 0x49, 0xd3, 0xd4, 0x45, 0x3a, 0xfb, 0xef, 0x0e, 0xb3, 0xaf, 0xa6, 0x82, 0xc2, 0xb5,
    0x81, 0x35, 0xb8, 0x98, 0xe9, 0x9e, 0x79, 0x1a, 0x69, 0x86, 0xb2, 0x4a, 0x77, 0x1a, 0x27, 0xa5, 0xd9, 0x3e, 0x5d, 0x05,
    0x05, 0x85, 0xb4, 0x44, 0x21, 0xb2, 0xf9, 0x8c, 0x14, 0x7a, 0xfe, 0x9c, 0x70, 0xb9, 0x47, 0x40, 0x41, 0x41, 0x21, 0x33,
    0xa2, 0x36, 0x12, 0x90, 0xcc, 0x89, 0x76, 0xa7, 0xc9, 0xfe, 0xab, 0xc9, 0xb3, 0x30, 0x4a, 0xb5, 0x92, 0x82, 0xc2, 0x35,
    0x8b, 0x67, 0xf0, 0x37, 0xf6, 0x73, 0xbc, 0xc7, 0x7b, 0xe3, 0x6f, 0xec, 0xb8, 0x86, 0x2c, 0x35, 0x0a, 0x0a, 0x0a, 0x0a,
    0x0a, 0x0a, 0x0a, 0x0a, 0x0a, 0x0a, 0x0a, 0x0a, 0x0a, 0x0a, 0x0a, 0x0a, 0x0a, 0x0a, 0x0a, 0x0a, 0x0a, 0x0a, 0x0a, 0x0a,
    0x0a, 0x0a, 0x0a, 0x0a, 0x0a, 0x0a, 0x0a, 0x0a, 0x0a, 0x0a, 0x0a, 0x0a, 0x0a, 0x0a, 0x0a, 0x0a, 0x0a, 0x0a, 0x0a, 0x0a,
    0x0a, 0x0a, 0x0a, 0x0a, 0x0a, 0x0a, 0x0a, 0x0a, 0x0a, 0x69, 0x85, 0x9b, 0x31, 0x0d, 0x1b, 0xf0, 0x0f, 0x0e, 0x61, 0x1e,
    0x7a, 0x09, 0xa3, 0x9b, 0xe5, 0x46, 0x59, 0x94, 0xe5, 0xc4, 0xc6, 0x8b, 0xa5, 0xf2, 0xdc, 0xae, 0xef, 0x16, 0x83, 0xc7,
    0x6c, 0x99, 0x5a, 0xb4, 0xd2, 0x5c, 0x42, 0xd8, 0xe3, 0x80, 0x3d, 0xec, 0x23, 0x2a, 0x79, 0x39, 0x4c, 0xc6, 0x06, 0x9c,
    0xc4, 0x39, 0x6c, 0xc7, 0x12, 0x3c, 0xe2, 0x7a, 0x3f, 0x6e, 0x11, 0x74, 0x40, 0x7f, 0xbc, 0x8f, 0xcf, 0xb1, 0x10, 0xef,
    0xa2, 0x1f, 0xea, 0x79, 0x8a, 0x6e, 0x97, 0x0b, 0x4b, 0x11, 0x8f, 0x78, 0xd4, 0x70, 0xac, 0xf9, 0x0a, 0xd5, 0x4b, 0xc1,
    0x52, 0x4c, 0xc3, 0x10, 0x3c, 0xe5, 0x2a, 0xbb, 0x5b, 0x01, 0x74, 0xc3, 0xbb, 0x58, 0x4d, 0xbf, 0x6d, 0x0f, 0xbe, 0x42,
    0x3f, 0x5c, 0xef, 0xf2, 0x2e, 0x33, 0xd0, 0x0f, 0x0f, 0xa1, 0x86, 0x43, 0x8c, 0x6c, 0xeb, 0x39, 0x81, 0xa8, 0xe3, 0xa9,
    0x7e, 0x63, 0xc9, 0x7d, 0xf2, 0xa2, 0x2b, 0xc6, 0xe1, 0x0b, 0x1c, 0xc6, 0x25, 0x1c, 0xc6, 0x26, 0xcc, 0x40, 0x33, 0x49,
    0x0c, 0x38, 0xfd, 0x2e, 0xbc, 0x6c, 0x92, 0x0d, 0x04, 0x77, 0x6a, 0x42, 0xe5, 0xf5, 0x25, 0x4f, 0x50, 0xc5, 0xf2, 0xac,
    0xe5, 0x5c, 0xde, 0x33, 0x1a, 0xe3, 0x85, 0x57, 0x16, 0x3f, 0x25, 0xbf, 0xe6, 0x22, 0x01, 0xff, 0x72, 0x61, 0x19, 0x1d,
    0xef, 0x28, 0x38, 0x8f, 0x17, 0x9d, 0x31, 0xa7, 0x63, 0x8b, 0x6b, 0xf1, 0x12, 0x5f, 0x37, 0xe5, 0x14, 0x07, 0xc5, 0x79,
    0xe5, 0x47, 0xce, 0xec, 0xcc, 0xcd, 0x6c, 0x96, 0x12, 0xff, 0xd6, 0x5d, 0x3e, 0xba, 0xe2, 0x18, 0x42, 0xb1, 0x30, 0xda,
    0xd9, 0x8e, 0x4c, 0x95, 0x64, 0x64, 0xb2, 0xe7, 0x7d, 0x9c, 0x04, 0xe0, 0x67, 0x74, 0x75, 0x9d, 0x9b, 0x30, 0x12, 0x6f,
    0x1b, 0xd1, 0x5b, 0x53, 0x3e, 0x5b, 0x25, 0x19, 0x19, 0x52, 0x70, 0x3b, 0xe2, 0x8c, 0xc8, 0xcf, 0xa9, 0x9f, 0xfd, 0xe8,
    0xe7, 0x3a, 0x06, 0xe4, 0x33, 0xec, 0x1c, 0xe7, 0xbc, 0x82, 0x71, 0xdc, 0xdf, 0x7e, 0x0e, 0xe3, 0x1d, 0x7a, 0xcf, 0xfd,
    0xd4, 0xa2, 0xd6, 0x4f, 0x22, 0x26, 0x09, 0x9e, 0x90, 0x7f, 0x97, 0x93, 0x78, 0x5a, 0x32, 0x1e, 0xc6, 0x49, 0xf3, 0x65,
    0xb5, 0xf1, 0x54, 0xff, 0x51, 0xc9, 0xef, 0x38, 0xc6, 0xa9, 0xff, 0x2b, 0xaa, 0x4b, 0x9f, 0x8a, 0x17, 0x73, 0xe9, 0x01,
    0xc1, 0x9d, 0x3a, 0x08, 0x7a, 0x93, 0x79, 0x84, 0x30, 0x7f, 0x6e, 0x75, 0x75, 0xcf, 0x28, 0x8a, 0xff, 0x08, 0xbc, 0xe6,
    0xf1, 0x29, 0x45, 0xad, 0xc6, 0x8f, 0x2c, 0xfc, 0x04, 0x3b, 0x3a, 0x44, 0x70, 0xde, 0x55, 0xce, 0xe8, 0x93, 0xc7, 0xa1,
    0xc5, 0x35, 0x3c, 0x49, 0x75, 0x76, 0xe2, 0x5e, 0x94, 0x40, 0x0d, 0xbc, 0x41, 0xb1, 0x6c, 0xb7, 0x73, 0x7b, 0x5c, 0x70,
    0xfc, 0x8f, 0x44, 0x13, 0x2c, 0xa0, 0x38, 0x79, 0x5a, 0xd6, 0xfd, 0x5b, 0x82, 0xe4, 0x7f, 0x7b, 0xd6, 0x57, 0x4e, 0x63,
    0x2c, 0x6e, 0x74, 0xd1, 0xb6, 0x7d, 0x58, 0x1b, 0x6d, 0xc0, 0x2b, 0x68, 0x8f, 0xd9, 0x94, 0x89, 0x4f, 0x1b, 0x41, 0x72,
    0x48, 0x67, 0xd5, 0x78, 0xaa, 0xb5, 0x0d, 0xbd, 0x70, 0x37, 0x2a, 0x21, 0x16, 0x95, 0xf1, 0x34, 0xa6, 0x61, 0x27, 0xe5,
    0x17, 0xd8, 0xec, 0x32, 0x9a, 0xd7, 0x66, 0xca, 0x2f, 0xae, 0xe5, 0xc2, 0xc8, 0xeb, 0xea, 0xfd, 0xf7, 0x46, 0x4f, 0xc2,
    0x2b, 0xf8, 0x98, 0x32, 0x3e, 0xc8, 0x73, 0x86, 0x67, 0xc7, 0x27, 0x54, 0xe3, 0x0a, 0x3e, 0xc1, 0xab, 0x68, 0x81, 0x96,
    0x18, 0x85, 0x1f, 0x59, 0x2e, 0xa3, 0xb5, 0xdc, 0x3b, 0x5a, 0xef, 0xf2, 0x16, 0x16, 0xe2, 0x67, 0x36, 0xc2, 0x6d, 0x16,
    0xce, 0x8c, 0xfa, 0x39, 0x03, 0xd0, 0x8f, 0x8b, 0xf2, 0x9e, 0xea, 0xdf, 0xcc, 0xbd, 0x43, 0x0e, 0x2c, 0xa4, 0x73, 0x2e,
    0xe3, 0x63, 0xf4, 0x45, 0x6b, 0xdc, 0x81, 0x57, 0xb0, 0x80, 0x62, 0x2a, 0x69, 0x2d, 0xd7, 0x32, 0xcd, 0xf8, 0x5f, 0x9a,
    0x3d, 0xe5, 0xe7, 0xae, 0xf9, 0x1f, 0xc9, 0x7a, 0xee, 0x60, 0xcf, 0xa3, 0x14, 0xaf, 0x66, 0x22, 0xe5, 0x15, 0xe0, 0x1d,
    0xfd, 0x9a, 0x1d, 0x1d, 0x22, 0x1c, 0x37, 0x76, 0xd8, 0xee, 0xe2, 0xcc, 0xff, 0x02, 0x94, 0xa3, 0xf9, 0x88, 0x69, 0x1e,
    0x6d, 0x2f, 0xcc, 0x29, 0xd4, 0x0a, 0xdf, 0xe0, 0x1b, 0xdc, 0x65, 0x2b, 0xbf, 0x8b, 0xca, 0x5b, 0x49, 0xee, 0x12, 0x8b,
    0xee, 0x94, 0xeb, 0x45, 0xeb, 0xa7, 0xf3, 0xd0, 0x88, 0x5b, 0x27, 0x0b, 0xb2, 0x09, 0xc1, 0x9b, 0x99, 0xb2, 0xe2, 0x11,
    0x8a, 0xa8, 0xaf, 0x45, 0xeb, 0xff, 0x02, 0x6d, 0xa4, 0xb1, 0x82, 0x2b, 0x12, 0x23, 0x4e, 0x9a, 0xb2, 0x57, 0x46, 0xe3,
    0x63, 0x3a, 0x57, 0x9c, 0x4f, 0xfe, 0x56, 0xca, 0x12, 0xb8, 0x0a, 0xf5, 0x38, 0xc7, 0x2a, 0x50, 0x5e, 0xc1, 0xd3, 0x8e,
    0x39, 0x29, 0x53, 0xb2, 0xc4, 0x35, 0xa2, 0x2c, 0x10, 0x3d, 0x5c, 0xf1, 0xdf, 0xfa, 0x0e, 0xcb, 0x32, 0x0e, 0x94, 0x16,
    0x9c, 0x33, 0x88, 0xe5, 0xa4, 0xa8, 0x6b, 0x29, 0x2d, 0x81, 0x23, 0x54, 0xfe, 0x9e, 0xcb, 0xbb, 0x94, 0x67, 0x23, 0xdd,
    0x19, 0x41, 0xae, 0x55, 0xf7, 0x7d, 0xd8, 0x5f, 0x7d, 0x2d, 0x5b, 0x9c, 0x1e, 0xef, 0xbd, 0x46, 0xc0, 0xcc, 0xfa, 0x21,
    0x93, 0x4e, 0x0a, 0xa4, 0x11, 0xff, 0xad, 0xf3, 0x85, 0x1b, 0xfe, 0x8f, 0x73, 0xc8, 0xea, 0xe6, 0x8d, 0xff, 0x1b, 0x28,
    0x4e, 0xa4, 0x3d, 0xdb, 0x61, 0x19, 0x24, 0xe3, 0x0c, 0x65, 0x4e, 0xe0, 0xf3, 0x7f, 0x07, 0xe5, 0xb2, 0xe8, 0xef, 0x99,
    0xff, 0x7a, 0x4b, 0x8d, 0xb7, 0x94, 0x69, 0x59, 0x77, 0x57, 0x87, 0x4c, 0xb7, 0x50, 0x11, 0xe3, 0x59, 0x36, 0x96, 0x3f,
    0x30, 0xd4, 0x45, 0x1e, 0x47, 0x6f, 0xa8, 0x89, 0x59, 0x2c, 0xc3, 0xca, 0x41, 0xf4, 0x11, 0x66, 0x7b, 0x78, 0xc5, 0x92,
    0x5f, 0x4c, 0x47, 0x75, 0x2a, 0x9b, 0x27, 0xbc, 0xee, 0x25, 0x24, 0x63, 0xb8, 0x70, 0x54, 0x29, 0x45, 0x79, 0x29, 0xb7,
    0x39, 0xe6, 0x96, 0x9a, 0x49, 0xef, 0x46, 0xcf, 0xd8, 0xbd, 0xdd, 0x17, 0x6b, 0xf4, 0x1c, 0x68, 0xed, 0xb8, 0x67, 0x94,
    0xc5, 0x45, 0x00, 0xfb, 0x38, 0x19, 0x92, 0xaa, 0x53, 0x76, 0xea, 0x24, 0x4e, 0x0e, 0x0e, 0x51, 0x7f, 0xd4, 0xe5, 0xcb,
    0x2f, 0xb8, 0xba, 0x8d, 0x70, 0xf3, 0xbf, 0x22, 0xad, 0x40, 0x79, 0xad, 0x99, 0x85, 0xe4, 0x82, 0x8b, 0x78, 0x26, 0x83,
    0xf2, 0x7f, 0x04, 0xfd, 0x3d, 0x2a, 0x24, 0x6d, 0xa1, 0xd5, 0x5c, 0x88, 0x2d, 0xdc, 0x9c, 0xe9, 0x83, 0x29, 0xab, 0xfd,
    0x76, 0x21, 0xff, 0xe3, 0x28, 0x02, 0xed, 0xc5, 0x80, 0x19, 0xc9, 0x99, 0xff, 0xfd, 0x39, 0x19, 0xd2, 0xbb, 0xd2, 0x9c,
    0x5a, 0x2a, 0x68, 0x6e, 0x46, 0xa3, 0x2d, 0x56, 0xb1, 0x1c, 0x3b, 0x3f, 0xe0, 0x89, 0xb0, 0xe5, 0x29, 0x2b, 0x8c, 0xfe,
    0x6c, 0xbe, 0xbb, 0x88, 0x99, 0xa8, 0xc9, 0xa9, 0xf1, 0x36, 0x7e, 0xc6, 0xcf, 0xb6, 0xbc, 0xee, 0x9b, 0x68, 0x05, 0xc0,
    0xd7, 0x74, 0xee, 0x03, 0xf0, 0x94, 0xa9, 0x24, 0x3f, 0x1e, 0xc0, 0x2d, 0x8c, 0x1b, 0x79, 0x50, 0x14, 0x79, 0x70, 0x3d,
    0x7e, 0x71, 0xcc, 0xfb, 0x9d, 0x9f, 0xf2, 0xc6, 0xf5, 0x67, 0xd9, 0x90, 0x21, 0xd5, 0x3c, 0x89, 0x7a, 0x4a, 0x3b, 0x49,
    0x76, 0xa1, 0xa5, 0x92, 0xfc, 0x8f, 0x6d, 0x30, 0x94, 0x9b, 0x23, 0x5c, 0xdc, 0x1f, 0xe7, 0xd2, 0x91, 0x2e, 0xe9, 0xc0,
    0xff, 0x95, 0x54, 0xbf, 0xb9, 0x40, 0x5b, 0x7c, 0x8f, 0x20, 0x23, 0x7f, 0xfa, 0xf3, 0x7f, 0x20, 0xfd, 0x35, 0x36, 0x44,
    0x6d, 0x11, 0x47, 0xd9, 0xac, 0xfa, 0xd3, 0x88, 0x1e, 0x19, 0xb0, 0x76, 0xd6, 0x64, 0xd1, 0x87, 0xa9, 0x57, 0xf2, 0xf9,
    0xbf, 0x18, 0xf9, 0x29, 0x7f, 0xf5, 0x57, 0x96, 0x33, 0x9d, 0xf9, 0x3f, 0x83, 0xf2, 0x1a, 0x5a, 0x57, 0xfb, 0xcd, 0xe8,
    0xac, 0x26, 0x41, 0xf3, 0x72, 0xac, 0xb1, 0xa2, 0xab, 0x17, 0x76, 0x0b, 0x46, 0x16, 0xb4, 0xa3, 0x2c, 0xab, 0x5e, 0xf2,
    0x95, 0xed, 0x04, 0xb0, 0x82, 0x7b, 0xe4, 0x23, 0x53, 0x7e, 0xf0, 0x18, 0x3c, 0x8b, 0x95, 0x4c, 0x77, 0xf8, 0x27, 0x8d,
    0x09, 0x9f, 0xb3, 0x11, 0xba, 0x29, 0x80, 0xbd, 0x52, 0x5b, 0x40, 0x4f, 0x9a, 0x83, 0x4b, 0xd0, 0x6a, 0x45, 0x7b, 0x3b,
    0x1f, 0xf8, 0xe8, 0x29, 0xcb, 0x01, 0x9c, 0xe5, 0x8e, 0x9d, 0x31, 0xb4, 0x1e, 0xdc, 0xe8, 0x31, 0xd7, 0x8e, 0xb8, 0x3f,
    0x16, 0xa1, 0xdc, 0x52, 0xab, 0xd3, 0x9c, 0xff, 0xd9, 0x49, 0x9f, 0xb2, 0xc6, 0xf3, 0x3b, 0x4f, 0x6f, 0xfe, 0xeb, 0x59,
    0xbd, 0xdf, 0x75, 0x68, 0x7f, 0x6f, 0xfc, 0xff, 0x1c, 0x15, 0xa8, 0xbe, 0xd5, 0xba, 0x75, 0x07, 0xcd, 0x6d, 0xb9, 0x69,
    0x2d, 0xc8, 0xe7, 0xff, 0x0a, 0x23, 0xef, 0xf0, 0x13, 0x9e, 0xf8, 0xaf, 0xcb, 0x2f, 0x56, 0x29, 0xb1, 0x91, 0x0b, 0xad,
    0xa1, 0x1b, 0x4c, 0x22, 0x4d, 0x5f, 0xa9, 0x34, 0xb4, 0x63, 0xde, 0x49, 0x7a, 0xbd, 0x76, 0xae, 0xea, 0x56, 0x17, 0x66,
    0xed, 0xaa, 0x09, 0xe0, 0xb0, 0xa1, 0x3b, 0x7b, 0x9f, 0x69, 0x0a, 0x07, 0x20, 0x0e, 0xe7, 0x71, 0x05, 0xcd, 0x89, 0x25,
    0xb7, 0x93, 0x45, 0x46, 0x1b, 0x15, 0xea, 0x49, 0x34, 0x9e, 0xbb, 0x28, 0xee, 0xaf, 0xfe, 0xd7, 0x48, 0xd2, 0x64, 0xe5,
    0xf7, 0xd8, 0x53, 0xaa, 0x10, 0x37, 0x3e, 0xe2, 0xd6, 0xaf, 0xe4, 0x2b, 0x9f, 0xb8, 0xac, 0x3f, 0xae, 0x15, 0xe4, 0xa1,
    0x0c, 0x2f, 0xff, 0x6f, 0x91, 0xea, 0xcf, 0x32, 0x2a, 0xff, 0x9f, 0x23, 0xc9, 0x76, 0x8a, 0xe3, 0xe8, 0xeb, 0x8d, 0xff,
    0x2b, 0xd9, 0xfa, 0xdb, 0x3a, 0x53, 0x68, 0x5a, 0x90, 0x8f, 0x11, 0x41, 0x99, 0x47, 0x87, 0x08, 0xcf, 0xd3, 0x72, 0x6e,
    0x6b, 0x73, 0x54, 0x21, 0x0f, 0xfc, 0x7f, 0x8a, 0x6a, 0xf4, 0xe7, 0xac, 0x09, 0x5e, 0x0a, 0x09, 0xff, 0x81, 0xe3, 0x18,
    0x84, 0xeb, 0x5c, 0xd4, 0x1e, 0x81, 0xc3, 0x42, 0x34, 0x77, 0x71, 0x7e, 0x55, 0x4c, 0xa3, 0xd5, 0xb0, 0x3b, 0xfe, 0x5f,
    0x47, 0xb3, 0xff, 0x31, 0x6e, 0xa6, 0xbf, 0xf7, 0x4c, 0x7a, 0xc1, 0xee, 0xa4, 0x15, 0xab, 0x69, 0xe8, 0x31, 0xbf, 0x24,
    0x5d, 0xf9, 0x65, 0xb6, 0x52, 0xfd, 0x3e, 0x60, 0x95, 0xc0, 0xb3, 0x25, 0x3d, 0x60, 0xac, 0x71, 0x93, 0x1d, 0xb2, 0xa0,
    0xc7, 0x31, 0xfb, 0x4a, 0x3b, 0x42, 0x07, 0xbc, 0x4b, 0x5a, 0x9d, 0x44, 0x4c, 0xe0, 0x6a, 0xbf, 0x52, 0xd6, 0x14, 0x9d,
    0x43, 0xc8, 0xff, 0x29, 0x74, 0xac, 0xa0, 0xe0, 0x9c, 0x7a, 0xa8, 0xc5, 0xc1, 0x75, 0x41, 0xf3, 0xff, 0x41, 0xaa, 0xfd,
    0xb8, 0x4f, 0xfe, 0x77, 0xc6, 0x93, 0x36, 0x4c, 0x08, 0x3b, 0xff, 0x9f, 0xa2, 0xb7, 0xf9, 0xa1, 0x0b, 0x1f, 0x12, 0xef,
    0xfc, 0xd7, 0xec, 0x6c, 0xe7, 0x4d, 0x3a, 0x9d, 0xdc, 0x94, 0x53, 0xb5, 0x99, 0x0b, 0xfe, 0x97, 0xa5, 0xf5, 0xe6, 0x87,
    0x1e, 0xf8, 0x5f, 0x89, 0x66, 0xc1, 0x8d, 0x16, 0x1f, 0x8c, 0x9d, 0x8e, 0x3a, 0x0d, 0xb7, 0xeb, 0xf2, 0xbe, 0xa4, 0x27,
    0xd7, 0xf8, 0x32, 0x27, 0x40, 0x43, 0x1d, 0x11, 0xa4, 0xfd, 0xcf, 0x2a, 0xfb, 0x3f, 0x48, 0x33, 0x97, 0xf6, 0xf9, 0x1e,
    0x1d, 0x5d, 0xe8, 0x19, 0x1a, 0xd0, 0x73, 0xfd, 0x8e, 0xaa, 0x5c, 0x4b, 0xd4, 0x69, 0x24, 0x32, 0xff, 0x99, 0x46, 0x34,
    0xc3, 0x9b, 0x7b, 0x66, 0x6b, 0x96, 0xcd, 0x39, 0x75, 0x4e, 0x17, 0x67, 0xf5, 0xf8, 0x84, 0x74, 0x9e, 0xa9, 0x6f, 0xfe,
    0x1b, 0xb2, 0xb3, 0x7a, 0xb3, 0xff, 0x5f, 0xc0, 0xa3, 0xc2, 0x3e, 0xd6, 0x87, 0x23, 0x29, 0x06, 0xc7, 0xff, 0x5e, 0x74,
    0xec, 0x36, 0x4f, 0xf6, 0xfc, 0x3e, 0xc2, 0x7b, 0xd4, 0xc1, 0xad, 0x1c, 0xd8, 0xe7, 0xcb, 0x7e, 0x54, 0xbb, 0x81, 0x4f,
    0xfe, 0x7b, 0xf1, 0x34, 0x08, 0x15, 0xff, 0x9f, 0x60, 0x16, 0xd6, 0x4d, 0x8e, 0xfa, 0x5f, 0x3f, 0xfc, 0x8f, 0x25, 0xdd,
    0x6d, 0x17, 0x8b, 0xdd, 0xfd, 0x30, 0xf5, 0x02, 0x27, 0xfe, 0xeb, 0xcf, 0x9d, 0x6c, 0xd8, 0xe8, 0xdc, 0xd8, 0xff, 0xdf,
    0xa7, 0x33, 0x46, 0xb1, 0x27, 0x2c, 0x87, 0x9f, 0x70, 0x8a, 0xb4, 0xb1, 0xa1, 0xc9, 0x56, 0xa3, 0xe9, 0x00, 0x57, 0x32,
    0x1d, 0xe0, 0x26, 0x74, 0x94, 0x78, 0xcd, 0x94, 0x44, 0x75, 0x21, 0xc4, 0x96, 0xf3, 0x42, 0xe8, 0xcb, 0x2c, 0x64, 0x22,
    0xdd, 0x9f, 0x1d, 0xbd, 0x89, 0xd5, 0x5b, 0x68, 0x5d, 0x6e, 0xc7, 0xbd, 0x26, 0xad, 0xc0, 0x7c, 0xd2, 0xac, 0x58, 0x7f,
    0x8f, 0x66, 0xcb, 0x18, 0xc3, 0xfe, 0xd2, 0x56, 0x5c, 0xe3, 0x04, 0x77, 0x29, 0x4a, 0x92, 0xc2, 0x68, 0x9b, 0xa7, 0x45,
    0x43, 0x87, 0x9e, 0xf2, 0x0d, 0xd6, 0x31, 0x6c, 0xc1, 0x09, 0x6a, 0xb9, 0x3f, 0x2c, 0x6b, 0x3a, 0xab, 0x4e, 0x58, 0x76,
    0x3d, 0xef, 0xfd, 0x71, 0x00, 0x1d, 0xbb, 0x53, 0x70, 0xce, 0x39, 0x2e, 0x7a, 0x79, 0x64, 0xa6, 0xdd, 0xb3, 0x64, 0x28,
    0x93, 0x2e, 0xac, 0xd2, 0xdc, 0xfe, 0x00, 0x94, 0x16, 0xdc, 0xe5, 0x20, 0x0e, 0xd8, 0x70, 0x32, 0xcc, 0xfc, 0x4f, 0x22,
    0x9b, 0xb3, 0xf6, 0x59, 0xe0, 0x28, 0x01, 0x78, 0xe7, 0xbf, 0xae, 0x95, 0xfb, 0xce, 0x32, 0x6f, 0xe8, 0xac, 0x77, 0xe6,
    0x7f, 0x56, 0xb2, 0x11, 0xee, 0x67, 0xe3, 0x92, 0x1b, 0xfe, 0x17, 0x65, 0xf3, 0xfd, 0x39, 0x7c, 0x4f, 0x5a, 0xf4, 0xd3,
    0xa8, 0x4b, 0xbd, 0xae, 0x4b, 0x08, 0xd7, 0xe5, 0x37, 0x62, 0x1c, 0xb3, 0x01, 0x9e, 0xc0, 0x60, 0x89, 0x6f, 0xaa, 0x37,
    0x54, 0xc7, 0x0c, 0x26, 0xf1, 0x1f, 0xc0, 0xcb, 0xae, 0x33, 0xbd, 0xeb, 0x16, 0xf3, 0xd9, 0xc8, 0x2e, 0x38, 0xfe, 0x22,
    0x80, 0x61, 0xec, 0xfb, 0x21, 0x20, 0xc0, 0xdf, 0x32, 0x07, 0xad, 0xc7, 0x53, 0x34, 0xee, 0x2f, 0x49, 0xac, 0xfa, 0xfa,
    0xac, 0x56, 0xc9, 0xe2, 0x8d, 0x79, 0x86, 0xee, 0xec, 0xcd, 0xfe, 0x3f, 0x59, 0xe0, 0xf5, 0x15, 0x81, 0x6e, 0x74, 0xa4,
    0x53, 0x08, 0xf9, 0xaf, 0xdb, 0x13, 0x2a, 0x86, 0x68, 0xfd, 0xef, 0x96, 0xff, 0xba, 0x85, 0xd3, 0xda, 0xce, 0xb5, 0x6d,
    0xe7, 0x95, 0xcf, 0x40, 0xeb, 0xff, 0x33, 0xd4, 0x03, 0xc6, 0xd3, 0xf7, 0x11, 0x61, 0xe0, 0x7f, 0x43, 0x3a, 0xe7, 0x26,
    0xe6, 0x9b, 0x91, 0x8c, 0x64, 0xe6, 0x89, 0xec, 0xcc, 0xff, 0x08, 0xd4, 0xa5, 0x1e, 0x3a, 0xdc, 0x35, 0xff, 0xb5, 0x7e,
    0x39, 0x89, 0x74, 0x5a, 0xc0, 0x3f, 0x58, 0x8c, 0xba, 0x28, 0x4d, 0xdf, 0x5b, 0x86, 0x58, 0x37, 0x97, 0x0b, 0x5d, 0x69,
    0x6c, 0xd2, 0x2d, 0x02, 0xa5, 0x83, 0xbc, 0x5a, 0x63, 0x1a, 0x15, 0x35, 0x8f, 0xbe, 0x15, 0x68, 0xe5, 0x21, 0xb3, 0x56,
    0x55, 0x92, 0xdc, 0xe6, 0x48, 0xbc, 0x85, 0x34, 0xab, 0x45, 0x57, 0xa6, 0x0f, 0xd7, 0x3e, 0xd6, 0x8c, 0xdd, 0x75, 0xa9,
    0xec, 0x7a, 0xd3, 0x7a, 0x99, 0xef, 0x5d, 0x1d, 0x45, 0x63, 0x47, 0x12, 0xf6, 0x58, 0x70, 0x81, 0xe4, 0x94, 0x02, 0x1e,
    0x7b, 0xca, 0x0c, 0xf2, 0xfc, 0xaa, 0x2c, 0x58, 0xff, 0x87, 0x52, 0xff, 0x77, 0x9c, 0x64, 0xc1, 0xd8, 0x10, 0xf1, 0x3f,
    0x07, 0xb2, 0x70, 0x60, 0xaf, 0x7d, 0x1f, 0xd5, 0x7e, 0x23, 0x40, 0xae, 0xeb, 0x64, 0xe0, 0xdd, 0x0c, 0xc7, 0xff, 0x8a,
    0x6c, 0xdd, 0xb9, 0xd2, 0x85, 0x06, 0xc6, 0x0f, 0xff, 0x23, 0xb1, 0xc7, 0x90, 0x1d, 0x87, 0x92, 0x27, 0x67, 0x84, 0x6b,
    0xfe, 0x47, 0x60, 0x22, 0xf9, 0xd9, 0x55, 0x71, 0xcd, 0x7f, 0xfd, 0x8e, 0xe5, 0x51, 0x8d, 0xf1, 0x48, 0x1f, 0x7d, 0xec,
    0xb6, 0xe3, 0x47, 0x70, 0x14, 0x47, 0x39, 0x96, 0xe8, 0x7b, 0xa9, 0xfc, 0x11, 0x57, 0x3d, 0xe3, 0x76, 0x7c, 0x42, 0xd2,
    0x77, 0xbb, 0x10, 0xe8, 0x16, 0xff, 0xc1, 0x3b, 0x2e, 0x3c, 0xf0, 0x02, 0x3d, 0x01, 0xb4, 0xb6, 0x91, 0x79, 0xe2, 0x7e,
    0x0a, 0x30, 0x5f, 0xc6, 0x56, 0x00, 0x12, 0x02, 0xde, 0xdc, 0x67, 0x16, 0x0d, 0xf9, 0x6a, 0xae, 0xb6, 0x4c, 0x43, 0x4b,
    0xc9, 0x0c, 0xd8, 0xcb, 0x63, 0x4f, 0xb9, 0x83, 0xca, 0xed, 0x9a, 0xc3, 0x62, 0x34, 0xd2, 0xaf, 0x0b, 0x19, 0xff, 0x4b,
    0xd2, 0x91, 0xf5, 0x69, 0xae, 0xff, 0xbf, 0x9e, 0xc6, 0xe4, 0x2f, 0x1c, 0x7c, 0xd4, 0x32, 0x12, 0xff, 0x53, 0xee, 0x99,
    0x8f, 0x78, 0x7a, 0x85, 0xb3, 0x62, 0x0a, 0x8e, 0xff, 0xfa, 0xfd, 0x4f, 0x22, 0x2b, 0xa2, 0x68, 0x75, 0xfb, 0xa4, 0x27,
    0xfe, 0xe7, 0xa1, 0x7a, 0xdf, 0x21, 0x0a, 0xb1, 0xbe, 0x2c, 0x79, 0xc3, 0xc8, 0xe2, 0x9c, 0x2b, 0x2c, 0xfb, 0x7f, 0xf4,
    0xf7, 0x3d, 0x28, 0xc0, 0xe3, 0xc8, 0x3b, 0xfe, 0x87, 0x2e, 0x02, 0xaf, 0x10, 0x39, 0x86, 0x60, 0x25, 0xde, 0x95, 0xd6,
    0xd0, 0x3c, 0x61, 0xdb, 0x1a, 0xbf, 0xf7, 0x9c, 0x65, 0xc6, 0xd2, 0x35, 0xfa, 0xdf, 0xb2, 0xbf, 0x0a, 0xe2, 0x0c, 0x8e,
    0x0b, 0xae, 0xb2, 0x8c, 0xda, 0xb0, 0x31, 0x6e, 0x0b, 0x80, 0xb6, 0xd6, 0xda, 0x25, 0xb0, 0x19, 0x89, 0x7a, 0xca, 0x4d,
    0x54, 0x3e, 0x5a, 0x60, 0xaf, 0x13, 0x49, 0x6a, 0xa5, 0xb0, 0x03, 0x7d, 0x3d, 0xcd, 0xe5, 0xba, 0x3c, 0xdb, 0x2d, 0x1d,
    0xfc, 0x7f, 0xbe, 0x92, 0x7a, 0x9c, 0xa4, 0x05, 0xff, 0x0b, 0xa0, 0x91, 0xa5, 0xc7, 0x8f, 0xa1, 0x9a, 0xe5, 0x1c, 0xef,
    0x79, 0x23, 0xfe, 0xa1, 0x99, 0xa8, 0x52, 0x88, 0xf9, 0x7f, 0x1d, 0xf9, 0x76, 0x34, 0x45, 0x63, 0x00, 0xff, 0x1a, 0x4f,
    0xe6, 0x8e, 0xff, 0x29, 0xbf, 0xff, 0x39, 0xc4, 0xb8, 0xe0, 0x7f, 0x24, 0x8a, 0x5b, 0x7e, 0x79, 0x14, 0xe9, 0xc6, 0xdf,
    0xf5, 0xbc, 0xff, 0xa7, 0xc3, 0x35, 0xb2, 0x17, 0x7a, 0xaa, 0x91, 0xc7, 0x5b, 0x9f, 0x77, 0xeb, 0x9a, 0x5a, 0xea, 0x47,
    0x2a, 0x99, 0x69, 0xe2, 0xcb, 0x68, 0x01, 0xf7, 0x92, 0xc8, 0x36, 0xcc, 0xf7, 0x08, 0x12, 0xe9, 0xec, 0x45, 0x3d, 0xe5,
    0x61, 0x2a, 0x7f, 0x4a, 0xb8, 0x77, 0x6b, 0x07, 0x47, 0xaa, 0xce, 0x8d, 0x6d, 0x74, 0xac, 0xad, 0xeb, 0xbb, 0xbc, 0x46,
    0xe5, 0xc7, 0xb8, 0x7b, 0x3f, 0xc3, 0xcd, 0xff, 0x47, 0xd8, 0xfe, 0xa3, 0x28, 0x89, 0x7d, 0x30, 0x9c, 0xfc, 0xef, 0x42,
    0xe5, 0x3d, 0x4d, 0x25, 0xbb, 0x48, 0xf6, 0x8b, 0x76, 0x71, 0xcf, 0x66, 0xc4, 0xd4, 0x5f, 0x51, 0x38, 0xa4, 0xfc, 0xd7,
    0x75, 0x31, 0xe3, 0x68, 0xed, 0x93, 0xba, 0x73, 0xd4, 0x2d, 0xff, 0xf5, 0xb3, 0xcf, 0xa0, 0x38, 0xe9, 0xa0, 0x65, 0xfc,
    0x2f, 0x44, 0xe3, 0xd7, 0x4c, 0x53, 0xc9, 0xf3, 0xb4, 0x06, 0xbc, 0xc9, 0x13, 0x67, 0x5a, 0xda, 0x7c, 0x88, 0x33, 0x2f,
    0x06, 0x1a, 0x33, 0x7c, 0x61, 0xb2, 0x83, 0x0c, 0x33, 0xbc, 0xed, 0xc6, 0xe1, 0x14, 0xf9, 0xf1, 0x0f, 0x67, 0x31, 0x13,
    0xae, 0x60, 0xa7, 0x40, 0x8b, 0xa8, 0xef, 0x66, 0xe1, 0x59, 0x23, 0x0a, 0xd2, 0x35, 0xe7, 0x78, 0xe8, 0x29, 0xb1, 0xb4,
    0x7b, 0x90, 0xff, 0x46, 0x22, 0xd9, 0x0a, 0x74, 0x7d, 0x80, 0x97, 0x55, 0x34, 0xad, 0x53, 0xf8, 0xbb, 0x1b, 0x78, 0x77,
    0x89, 0x64, 0x3a, 0xb8, 0xab, 0x68, 0x9a, 0x4e, 0xfb, 0x7f, 0xf4, 0xdd, 0x7f, 0x5f, 0xda, 0xf6, 0x87, 0x44, 0xa1, 0x13,
    0xd3, 0xe6, 0x97, 0x0b, 0x23, 0xff, 0x4b, 0x90, 0xc6, 0xfb, 0xa0, 0xc1, 0xf7, 0x1b, 0xd8, 0xbe, 0x4f, 0x77, 0xbf, 0xec,
    0x79, 0xf6, 0x0e, 0xb2, 0x85, 0x94, 0xff, 0x6d, 0x69, 0x3f, 0xd4, 0x5e, 0xda, 0x3d, 0xe6, 0x9d, 0xff, 0x25, 0xc9, 0x86,
    0xb8, 0x90, 0xfc, 0xe1, 0xe4, 0xf3, 0xff, 0x22, 0xea, 0x5d, 0x5d, 0xc9, 0xdf, 0x20, 0x27, 0x9e, 0xa3, 0x35, 0xe5, 0x7c,
    0x1f, 0x6b, 0xca, 0x72, 0x99, 0x82, 0xdd, 0xcb, 0xb1, 0x15, 0x4b, 0xa4, 0x35, 0x5a, 0x90, 0x47, 0x74, 0x36, 0x93, 0x14,
    0xb8, 0x09, 0x9d, 0x31, 0x00, 0x3f, 0xe3, 0x02, 0xea, 0xd2, 0x8c, 0xbb, 0x1d, 0x4d, 0xf1, 0x1e, 0x2e, 0xe2, 0xb2, 0x20,
    0xa6, 0x47, 0x56, 0xd2, 0xa3, 0x6d, 0x11, 0x5c, 0x7f, 0x2e, 0x5d, 0xbf, 0xa0, 0xb0, 0xa7, 0x54, 0x42, 0x79, 0x86, 0x5b,
    0xd0, 0x1c, 0xaf, 0xd2, 0x3b, 0x07, 0xde, 0x12, 0xc6, 0x53, 0x38, 0x48, 0xc7, 0xff, 0x46, 0x6f, 0x34, 0x42, 0x6e, 0xe4,
    0x44, 0x0b, 0x8c, 0x27, 0x3f, 0x71, 0x6d, 0x3e, 0x2d, 0xec, 0x78, 0x97, 0x6a, 0xe8, 0x8e, 0x79, 0x8c, 0x61, 0x57, 0x84,
    0xb6, 0x8c, 0x38, 0x36, 0x9e, 0x55, 0xe5, 0xe2, 0xa6, 0x10, 0xf0, 0xbf, 0x20, 0xb3, 0x42, 0xfd, 0x85, 0x9e, 0xa8, 0x4f,
    0xb1, 0x64, 0x0a, 0xa2, 0x11, 0x9e, 0xc5, 0x46, 0x2a, 0x3d, 0xc5, 0xed, 0xc3, 0xa1, 0x94, 0xff, 0x97, 0xd1, 0x91, 0xa5,
    0xb8, 0x13, 0xd9, 0xd0, 0x91, 0xf6, 0xe0, 0xf0, 0xf7, 0x55, 0xf0, 0xef, 0xa9, 0xfb, 0xae, 0x7c, 0x2c, 0xd9, 0x3b, 0x65,
    0x6f, 0xbb, 0x2a, 0x0e, 0x3c, 0xce, 0xca, 0xac, 0xbf, 0xe6, 0xbd, 0x00, 0xee, 0xf9, 0x9f, 0xe2, 0xcb, 0x91, 0xe4, 0xc8,
    0xff, 0x32, 0xac, 0x87, 0x5d, 0xc1, 0x36, 0x16, 0x07, 0x24, 0xce, 0x75, 0x6c, 0x8b, 0x14, 0x59, 0xf3, 0x02, 0x7e, 0xca,
    0x24, 0xb3, 0xfb, 0x21, 0x6a, 0x51, 0xb9, 0x37, 0xd1, 0x71, 0xc3, 0x1b, 0x25, 0x37, 0xdb, 0x13, 0xa3, 0xdb, 0x99, 0x5b,
    0x93, 0xfd, 0xef, 0x4f, 0xb6, 0xe7, 0xf8, 0x3b, 0xa1, 0x0e, 0xf3, 0x21, 0xb6, 0xfa, 0xe2, 0x1f, 0xbd, 0x8b, 0xed, 0xbf,
    0x77, 0x6f, 0x35, 0xbb, 0x82, 0xc9, 0x12, 0x0b, 0x47, 0x41, 0x66, 0x89, 0xd6, 0xe7, 0xef, 0xd4, 0x58, 0x25, 0xf3, 0xa5,
    0xbb, 0x66, 0x02, 0x3f, 0xc9, 0xd8, 0xe1, 0xe8, 0x99, 0x20, 0xfa, 0x1c, 0x0a, 0x01, 0xff, 0x35, 0xfb, 0xd0, 0x6c, 0xd3,
    0xd3, 0xfc, 0x63, 0xba, 0xfe, 0x6c, 0x93, 0x47, 0x6b, 0xb8, 0xf8, 0x5f, 0x88, 0xed, 0x20, 0x03, 0xdb, 0x4d, 0xaa, 0x59,
    0xf6, 0xdd, 0xdf, 0x33, 0x2b, 0xd3, 0xc4, 0x0c, 0xf6, 0xf4, 0x56, 0x9d, 0x78, 0x3c, 0xca, 0xe6, 0x9b, 0xeb, 0x85, 0xff,
    0xd1, 0x6c, 0xb5, 0xea, 0xac, 0xff, 0x2b, 0x87, 0xa1, 0xd8, 0x40, 0xab, 0x98, 0x24, 0x6c, 0xc3, 0xeb, 0x1e, 0xac, 0x69,
    0x3a, 0x6a, 0x61, 0x5e, 0xc8, 0xad, 0x85, 0xe9, 0xc7, 0x7f, 0xdd, 0xab, 0x6f, 0x07, 0x8a, 0xb0, 0xbf, 0xea, 0xa3, 0x07,
    0x7a, 0x9b, 0xe6, 0xb8, 0x5c, 0x68, 0x83, 0x97, 0xa4, 0xd2, 0xce, 0x6a, 0x69, 0xb4, 0x8f, 0x28, 0x8a, 0xea, 0xb1, 0x87,
    0x33, 0x57, 0x04, 0xf6, 0x94, 0xcb, 0xf8, 0x15, 0xab, 0x31, 0x06, 0x37, 0x38, 0x3c, 0x6f, 0x14, 0xee, 0xc1, 0x7c, 0x53,
    0x0c, 0xa7, 0x4b, 0x88, 0x73, 0xcd, 0xe5, 0xab, 0xd8, 0x8a, 0xf1, 0x68, 0x87, 0xa2, 0x41, 0x78, 0xda, 0x85, 0x86, 0xff,
    0x1a, 0xea, 0x61, 0x2a, 0x4e, 0x1b, 0xd7, 0x3d, 0x81, 0x55, 0x78, 0x87, 0x13, 0x6f, 0x22, 0x3c, 0xfa, 0xff, 0xa2, 0x98,
    0x6a, 0x44, 0x88, 0xfa, 0x03, 0xdd, 0x3c, 0xea, 0x68, 0x0b, 0xd1, 0x5b, 0x4d, 0xe6, 0x44, 0xe7, 0xf2, 0xcf, 0xff, 0x4a,
    0xc6, 0xee, 0x31, 0x3f, 0xfc, 0xd7, 0x22, 0x58, 0x24, 0x7a, 0xd0, 0xff, 0xe7, 0x46, 0x3d, 0x0f, 0x31, 0xfc, 0xae, 0x65,
    0xe4, 0xa1, 0xbd, 0xfd, 0x3b, 0xa5, 0x9c, 0xc8, 0x92, 0xe1, 0x9e, 0x3a, 0x1a, 0xc5, 0x51, 0x17, 0x0d, 0x50, 0xdc, 0xf3,
    0xf8, 0x9d, 0xb1, 0x10, 0x89, 0x42, 0xa8, 0x8e, 0xdb, 0x84, 0xfa, 0xb4, 0x70, 0x22, 0x06, 0x15, 0x71, 0x9b, 0xc3, 0x58,
    0xa8, 0x70, 0xed, 0xa3, 0x06, 0x49, 0x81, 0xbf, 0x08, 0x7a, 0x42, 0x15, 0x4c, 0xb4, 0xc4, 0x12, 0x52, 0x50, 0x50, 0xb8,
    0xb6, 0xd0, 0x80, 0x45, 0xf8, 0xd2, 0xe2, 0xaa, 0x36, 0x21, 0xfb, 0x68, 0x14, 0x8a, 0xa1, 0x21, 0x9e, 0x61, 0x31, 0xc7,
    0x8e, 0x4a, 0xe4, 0x52, 0x05, 0x05, 0x85, 0xcc, 0x8e, 0xfc, 0x98, 0x41, 0xfe, 0xba, 0xfa, 0x5a, 0xed, 0x90, 0x69, 0x7d,
    0xbd, 0x16, 0x0f, 0x65, 0x40, 0xf9, 0x5f, 0x41, 0x41, 0x21, 0xd4, 0x9a, 0x80, 0x4e, 0x98, 0x8b, 0x6f, 0x71, 0x10, 0x7f,
    0x62, 0x0b, 0x3e, 0xc5, 0x68, 0x74, 0xe7, 0xd8, 0x6d, 0x14, 0x14, 0x14, 0x14, 0x14, 0x14, 0x14, 0x14, 0x14, 0x14, 0x14,
    0x14, 0x14, 0x14, 0x14, 0x14, 0x14, 0x14, 0x14, 0x14, 0x14, 0x14, 0x14, 0x14, 0x14, 0x14, 0x14, 0x14, 0x14, 0x14, 0x14,
    0x14, 0x14, 0x14, 0x14, 0x14, 0x14, 0x14, 0x14, 0x14, 0x14, 0x14, 0x14, 0x14, 0x14, 0x14, 0x14, 0x14, 0x14, 0x14, 0x14,
    0x14, 0x14, 0x14, 0x14, 0x14, 0x14, 0x14, 0x14, 0x14, 0x14, 0x14, 0x42, 0x87, 0x82, 0xe8, 0x86, 0xf1, 0xf8, 0x12, 0x47,
    0x71, 0x01, 0xfb, 0xf0, 0x35, 0x5e, 0x97, 0xc6, 0x9d, 0x7c, 0x05, 0xf1, 0x16, 0x2c, 0xc3, 0x64, 0xf4, 0x71, 0x95, 0x89,
    0x2f, 0xb8, 0xfb, 0x68, 0x77, 0x9a, 0x82, 0x57, 0x71, 0xaf, 0x24, 0x83, 0x5f, 0x0a, 0xea, 0x62, 0x3a, 0xed, 0xdd, 0xbf,
    0x84, 0xbf, 0xb1, 0x1b, 0xab, 0xf1, 0xa2, 0x30, 0xf3, 0x68, 0x13, 0xdb, 0x5d, 0xac, 0x98, 0x6c, 0x3b, 0x63, 0x0c, 0xe2,
    0x31, 0x8b, 0x7b, 0xad, 0x32, 0x74, 0xc6, 0xc3, 0xb6, 0xf2, 0xa1, 0x88, 0xc7, 0x67, 0xc2, 0xa8, 0xa0, 0x59, 0xb0, 0x00,
    0xf1, 0x98, 0x64, 0x2b, 0x1f, 0x8d, 0x78, 0x2c, 0xe1, 0xc4, 0x9b, 0x9c, 0x84, 0x78, 0xc4, 0xd9, 0x4a, 0x23, 0x31, 0x8f,
    0x7b, 0x15, 0x2d, 0x53, 0x88, 0xf6, 0x54, 0xad, 0x38, 0x47, 0xaa, 0xd3, 0x91, 0xfe, 0x9c, 0x23, 0xc5, 0xb1, 0x0c, 0xf1,
    0x18, 0x2b, 0x78, 0xe2, 0x01, 0x74, 0xde, 0x2d, 0x9c, 0x23, 0xb9, 0x25, 0x2d, 0xc9, 0x8b, 0x2c, 0xbf, 0xd2, 0xc8, 0x78,
    0xfc, 0x8e, 0xed, 0xd8, 0x42, 0xac, 0x33, 0xc5, 0xbf, 0xb7, 0xe3, 0x3d, 0xe3, 0x5c, 0x71, 0x54, 0xf7, 0x48, 0xcc, 0xa2,
    0x7b, 0xcb, 0x32, 0xd0, 0xe7, 0xc1, 0x0d, 0x0e, 0xb0, 0x67, 0x7a, 0x88, 0x45, 0x51, 0x14, 0x75, 0xcc, 0x42, 0x55, 0x12,
    0x77, 0xe2, 0x71, 0xb4, 0x47, 0x1d, 0x69, 0xd6, 0xb9, 0xdc, 0xf4, 0x1b, 0x1e, 0xf6, 0xc4, 0xd8, 0x6c, 0xa8, 0x81, 0x8e,
    0x68, 0xc3, 0xc9, 0xd7, 0xea, 0x1d, 0x0f, 0xb3, 0x18, 0xf0, 0xd6, 0xd8, 0xb0, 0x0b, 0x90, 0x5f, 0x50, 0x5f, 0x14, 0xd5,
    0x74, 0x3b, 0x5a, 0xa4, 0xc9, 0x7d, 0x80, 0xdd, 0x78, 0x40, 0x72, 0x9f, 0xa2, 0x2c, 0x4e, 0x57, 0x60, 0xcc, 0xd5, 0xc7,
    0xb9, 0xb5, 0x3b, 0x38, 0x64, 0x92, 0xdf, 0x65, 0x3b, 0xe3, 0x07, 0xca, 0xc9, 0xce, 0xbb, 0x56, 0x55, 0x3a, 0xa3, 0x9f,
    0xad, 0xfc, 0x29, 0x2a, 0xef, 0x2e, 0x78, 0xde, 0x7b, 0xe9, 0xe8, 0x00, 0x5b, 0xf9, 0x30, 0x6e, 0x66, 0xac, 0xc2, 0x94,
    0xa5, 0x01, 0xb6, 0xc8, 0xfb, 0xfa, 0xbd, 0x27, 0x72, 0xae, 0x1f, 0x4b, 0x99, 0x24, 0xfe, 0xb4, 0x45, 0x2d, 0xcc, 0x86,
    0xed, 0x14, 0xe7, 0x8c, 0x3f, 0x06, 0xeb, 0x99, 0x37, 0x79, 0xbd, 0xb2, 0x11, 0x3d, 0xc1, 0x42, 0xee, 0x59, 0x05, 0x24,
    0x2d, 0x79, 0x96, 0x53, 0xff, 0xbc, 0x71, 0xf4, 0x4b, 0xdb, 0xb1, 0x4f, 0x00, 0xce, 0xa8, 0x90, 0x8a, 0xef, 0x8c, 0x73,
    0x4f, 0x09, 0xeb, 0xdc, 0x4f, 0x59, 0x57, 0x79, 0x57, 0x4f, 0x45, 0x4f, 0x87, 0x1e, 0xc0, 0xcb, 0x4e, 0x76, 0x37, 0x5d,
    0xf5, 0x47, 0x41, 0xde, 0x8f, 0x08, 0x8a, 0xc0, 0xfb, 0x39, 0x7b, 0x53, 0xda, 0xe7, 0x3c, 0x86, 0x70, 0xf2, 0xb1, 0x99,
    0xdb, 0xac, 0xb7, 0x6b, 0xbe, 0x66, 0xc7, 0x7b, 0x2c, 0xba, 0xaf, 0x9e, 0x33, 0xbe, 0x6e, 0x10, 0xdc, 0xcf, 0x8d, 0x25,
    0x74, 0x95, 0x04, 0xcc, 0xc1, 0xab, 0x68, 0x85, 0xc6, 0xe8, 0x81, 0x29, 0x14, 0x05, 0x5f, 0x8b, 0xed, 0x5c, 0x55, 0xc2,
    0xcb, 0xde, 0xe8, 0xc9, 0xd0, 0x07, 0x13, 0xd8, 0xbb, 0xb8, 0x2a, 0x8c, 0x8c, 0x17, 0x8a, 0xfb, 0xf4, 0xc4, 0x40, 0xac,
    0x61, 0xb1, 0xb8, 0x92, 0x39, 0xb9, 0x48, 0x75, 0xe4, 0xc4, 0x26, 0x7a, 0x92, 0x78, 0x0c, 0x40, 0x33, 0x14, 0x44, 0x75,
    0x3c, 0x8b, 0xe9, 0x14, 0xcd, 0x2b, 0x99, 0xdb, 0x9b, 0x2b, 0xa3, 0x9f, 0x09, 0x7a, 0xce, 0x89, 0xa1, 0xa6, 0x92, 0x67,
    0x43, 0xc0, 0xff, 0x9c, 0x14, 0xd3, 0x7e, 0xb3, 0xe0, 0x89, 0x97, 0xd2, 0xe8, 0x64, 0x97, 0x4f, 0xea, 0x73, 0xb3, 0x7f,
    0xa4, 0x8c, 0x57, 0x2f, 0xda, 0xa4, 0x25, 0xed, 0xd3, 0x42, 0xd0, 0x17, 0x13, 0x28, 0x4e, 0xb4, 0x35, 0xae, 0xf5, 0x28,
    0x41, 0x4e, 0xb7, 0x94, 0x51, 0xe3, 0x10, 0xe5, 0xa1, 0x2c, 0x60, 0x1b, 0x35, 0x76, 0x51, 0xce, 0x91, 0xeb, 0x04, 0x7d,
    0xb3, 0x1f, 0x07, 0x1f, 0xd2, 0x9d, 0xbe, 0x10, 0xf0, 0x7f, 0x30, 0x62, 0x11, 0xcb, 0xb2, 0xd6, 0x9b, 0xf1, 0x34, 0xc5,
    0x62, 0x17, 0xf7, 0xdd, 0x9c, 0x74, 0xde, 0x28, 0x09, 0xff, 0x23, 0xb1, 0x95, 0x62, 0x60, 0x9f, 0xb0, 0x64, 0xd2, 0x09,
    0x44, 0x1b, 0x2c, 0x75, 0x00, 0x4f, 0xd2, 0xa9, 0x4d, 0xbd, 0x77, 0xa2, 0xe0, 0x9a, 0xd5, 0xe8, 0x8d, 0x5f, 0xc5, 0x4e,
    0x4c, 0xc5, 0x32, 0x96, 0x57, 0xe0, 0x93, 0x90, 0xf0, 0xbf, 0x08, 0x65, 0x77, 0x4b, 0xc4, 0x77, 0x98, 0x49, 0xd9, 0xa1,
    0xb4, 0x78, 0xf3, 0x75, 0x7c, 0xf3, 0x7f, 0x2c, 0x5d, 0xe1, 0xe7, 0x80, 0xc8, 0x56, 0x85, 0xb0, 0x98, 0xca, 0xf7, 0x71,
    0xc7, 0x2c, 0x7e, 0x1c, 0xf4, 0x7b, 0xa8, 0x8f, 0x1d, 0x13, 0x48, 0x3a, 0xa1, 0xbb, 0x4f, 0x2e, 0x3c, 0x48, 0x63, 0xef,
    0x3f, 0x82, 0xcc, 0x10, 0xcf, 0x70, 0x33, 0x70, 0x3c, 0xcd, 0xe4, 0x06, 0xa7, 0x35, 0xca, 0x24, 0xaa, 0x57, 0x40, 0x5a,
    0xc7, 0x3b, 0xff, 0x23, 0x30, 0x4e, 0x90, 0x53, 0x56, 0xcb, 0xe4, 0x9b, 0x28, 0xc8, 0x38, 0x11, 0x4d, 0xf9, 0x46, 0x02,
    0x33, 0x51, 0x7d, 0x44, 0x77, 0xb7, 0xb3, 0x49, 0xcf, 0x3c, 0x90, 0x5d, 0xf0, 0xcc, 0xbd, 0x6c, 0xd9, 0x87, 0x6f, 0xa3,
    0xd9, 0x69, 0x96, 0xe4, 0x77, 0x36, 0xa5, 0x1c, 0x34, 0x33, 0x02, 0x4a, 0x07, 0x73, 0x32, 0xf6, 0xcb, 0x11, 0x8b, 0x5f,
    0x00, 0xfc, 0xce, 0x8d, 0xea, 0x7d, 0x5e, 0xd0, 0x5e, 0x11, 0x94, 0x49, 0x51, 0x1b, 0xb3, 0x9d, 0x62, 0x2d, 0x0f, 0x93,
    0xf0, 0xff, 0x7e, 0x1a, 0x41, 0x22, 0xf1, 0x12, 0x80, 0xaf, 0x42, 0xbe, 0x6a, 0x2e, 0x49, 0xa3, 0x0b, 0x5f, 0x6e, 0x8f,
    0xa7, 0x56, 0xba, 0xcd, 0x98, 0xfd, 0xf4, 0xbe, 0xdc, 0x2c, 0x04, 0xfc, 0x1f, 0x47, 0xd9, 0xfd, 0x52, 0xe6, 0xd9, 0x2a,
    0x94, 0x33, 0xe1, 0xb0, 0x8b, 0x15, 0x71, 0x04, 0x77, 0xfd, 0xa7, 0xf5, 0xbd, 0xef, 0xb9, 0x52, 0xcc, 0x04, 0x7a, 0xaa,
    0xc9, 0xae, 0x79, 0xa9, 0xad, 0x0a, 0xb5, 0xcf, 0x3d, 0x61, 0xbf, 0x4f, 0x04, 0x5e, 0xa6, 0x23, 0xad, 0xb9, 0xbf, 0x69,
    0xba, 0x2d, 0x73, 0x6f, 0xca, 0xd5, 0xf6, 0x62, 0x61, 0x40, 0xae, 0xbc, 0xb4, 0xe3, 0xff, 0x4d, 0xc4, 0x25, 0xde, 0xaf,
    0xec, 0x4f, 0xe7, 0xf0, 0xe5, 0xa6, 0xd9, 0x36, 0x06, 0x44, 0xe1, 0x0f, 0x80, 0xfa, 0xf3, 0x45, 0xcb, 0x8c, 0x99, 0x8b,
    0x46, 0xdf, 0x65, 0x92, 0x75, 0x70, 0x3c, 0x65, 0x07, 0xa9, 0x6a, 0xf4, 0xc8, 0x03, 0xc2, 0x71, 0x37, 0x15, 0xd3, 0xe8,
    0xfe, 0xe6, 0x0c, 0xd7, 0x37, 0x53, 0x96, 0xa1, 0xcf, 0x3c, 0xf5, 0xb2, 0xb9, 0x94, 0xcf, 0xa4, 0x3e, 0xf7, 0x98, 0x8c,
    0xff, 0x11, 0x94, 0x61, 0xfb, 0x49, 0xdf, 0xfc, 0x4f, 0x99, 0xfd, 0xb5, 0xd6, 0xf9, 0xd3, 0xc4, 0xc6, 0xd0, 0x21, 0x16,
    0x4b, 0x70, 0x16, 0x15, 0x6c, 0xe5, 0x59, 0x11, 0x8f, 0x6d, 0x16, 0x7d, 0xc7, 0x3d, 0xf4, 0x96, 0x07, 0x05, 0xcd, 0xff,
    0x12, 0x24, 0x4b, 0x0c, 0xb1, 0x8d, 0xc7, 0x4d, 0x7d, 0x3d, 0xff, 0x77, 0xf4, 0x7e, 0xf9, 0x6f, 0x26, 0x1f, 0xe5, 0x0f,
    0xbc, 0xc4, 0x99, 0xcf, 0x45, 0xbc, 0xac, 0x47, 0xe5, 0x7d, 0xc2, 0x7e, 0x9f, 0x08, 0xd4, 0xa4, 0x23, 0x03, 0xb9, 0xd7,
    0xfb, 0x9c, 0xa4, 0x53, 0xbf, 0x31, 0x7a, 0xc3, 0xc5, 0xff, 0x08, 0x7c, 0x4d, 0xe3, 0x76, 0x2e, 0x5b, 0x1f, 0xfd, 0x15,
    0xc0, 0x5e, 0x41, 0xc6, 0x99, 0xf6, 0xb6, 0xec, 0xbf, 0x35, 0x49, 0xaa, 0xcc, 0x8f, 0xb3, 0x00, 0x9a, 0x9b, 0xca, 0x5b,
    0x53, 0xcd, 0xae, 0x92, 0xa7, 0x2e, 0x84, 0x63, 0x34, 0x1b, 0x66, 0x37, 0x98, 0x7d, 0x05, 0xb5, 0x1d, 0x5a, 0x23, 0x2f,
    0x7e, 0x07, 0xb0, 0xdf, 0x18, 0x69, 0xa2, 0xb0, 0x9e, 0x34, 0x06, 0xc5, 0x3d, 0xb4, 0xa8, 0x9e, 0x21, 0xf3, 0x05, 0xc1,
    0x51, 0x39, 0xff, 0xdf, 0xa5, 0xcc, 0x7a, 0x7e, 0xf9, 0x7f, 0x3f, 0x8d, 0x70, 0xfa, 0xcc, 0xd8, 0x0f, 0xc0, 0x9a, 0x30,
    0x68, 0xce, 0xa3, 0x50, 0xd3, 0x55, 0xb6, 0x92, 0xec, 0xf4, 0x4b, 0xe7, 0x3a, 0xf2, 0x3f, 0x0f, 0x9a, 0xa2, 0x3d, 0x2a,
    0x0a, 0xe5, 0xd4, 0x1e, 0x54, 0xf7, 0x46, 0x8b, 0xf6, 0xf2, 0x0e, 0x54, 0x95, 0xea, 0x17, 0x45, 0xb8, 0x9e, 0xae, 0xb5,
    0x50, 0x78, 0xfc, 0x45, 0x41, 0x6e, 0x7f, 0x11, 0x2f, 0xcb, 0x0b, 0xb2, 0x55, 0x86, 0xfa, 0x3e, 0x11, 0xa8, 0x43, 0x47,
    0x5e, 0xe3, 0x5e, 0xed, 0x6d, 0x61, 0xfe, 0xc6, 0xf4, 0xe5, 0xbf, 0xce, 0xe5, 0x4e, 0x01, 0xa5, 0x77, 0x4a, 0xc7, 0xfe,
    0x7c, 0x24, 0x37, 0x99, 0x33, 0xf9, 0xbe, 0xc6, 0xf4, 0x08, 0xda, 0x28, 0x37, 0x36, 0x40, 0x8a, 0x4a, 0xb6, 0xe4, 0x8b,
    0xb2, 0xe3, 0x0e, 0xca, 0x08, 0x39, 0xde, 0x18, 0x2d, 0x5e, 0x75, 0xd1, 0x1e, 0xad, 0x2c, 0xef, 0xb4, 0xbb, 0xe0, 0x4d,
    0x89, 0x51, 0x9f, 0xe4, 0x85, 0x4f, 0x84, 0xc7, 0xe5, 0xfc, 0xbf, 0x97, 0xf2, 0x71, 0x45, 0xfa, 0xe2, 0xbf, 0x3e, 0xfb,
    0x3f, 0x65, 0xb0, 0x44, 0x5b, 0x8f, 0x37, 0x4e, 0x73, 0xcb, 0x5a, 0x0c, 0xca, 0xa3, 0x3a, 0x6a, 0xa1, 0x1e, 0xe5, 0x18,
    0x5c, 0x2a, 0xe1, 0x7f, 0x2f, 0x14, 0xc5, 0x26, 0x43, 0x63, 0x78, 0x52, 0x20, 0xad, 0x8c, 0xa6, 0xbc, 0x60, 0xd1, 0x21,
    0x79, 0xb6, 0x26, 0x74, 0xa7, 0xff, 0x09, 0x8f, 0x57, 0x61, 0x99, 0x4d, 0xdd, 0xf2, 0xb2, 0x95, 0x60, 0x65, 0x18, 0xea,
    0xfb, 0xa4, 0xc8, 0xff, 0x7c, 0x1b, 0x40, 0x3d, 0xe2, 0x4c, 0x22, 0x86, 0x08, 0x34, 0x54, 0xe9, 0xc5, 0xff, 0x18, 0xb2,
    0x7e, 0xac, 0xe7, 0xfc, 0xc6, 0x8b, 0x92, 0xfb, 0xad, 0x25, 0x4d, 0x47, 0xea, 0xfb, 0xfe, 0x06, 0xc0, 0x28, 0x44, 0xa0,
    0x4f, 0x80, 0x65, 0x62, 0xaf, 0x20, 0x67, 0x75, 0xa0, 0x1d, 0x52, 0xcf, 0x53, 0x77, 0x82, 0xd6, 0xc3, 0xee, 0x72, 0x85,
    0xcd, 0xa6, 0xd6, 0xac, 0x41, 0x36, 0xc1, 0x33, 0xa4, 0x77, 0x88, 0x74, 0xdd, 0x9a, 0x45, 0x48, 0x7e, 0xd8, 0x2d, 0xc9,
    0x2d, 0x27, 0xe7, 0x7f, 0x1e, 0xca, 0xca, 0x57, 0xc3, 0x17, 0xff, 0xb5, 0xd9, 0xff, 0x37, 0x53, 0xef, 0xd1, 0xe4, 0xe4,
    0xaf, 0xd3, 0x90, 0xf9, 0xd5, 0x31, 0x17, 0xbf, 0x9b, 0x2c, 0x00, 0x70, 0xe0, 0xff, 0x2b, 0xf8, 0x11, 0xff, 0xe2, 0x4b,
    0xbc, 0x87, 0xaf, 0x68, 0x2d, 0x77, 0x99, 0xab, 0xcb, 0x9d, 0x2f, 0xb5, 0x76, 0x78, 0x43, 0x57, 0x89, 0xc6, 0x58, 0xd7,
    0xaf, 0x26, 0x53, 0xc6, 0x0b, 0x77, 0xbc, 0x8c, 0xa4, 0x39, 0x09, 0x9c, 0x8c, 0xd0, 0xa1, 0xbe, 0xcf, 0xed, 0x94, 0xdf,
    0xfc, 0x77, 0x9b, 0x2c, 0x9d, 0x82, 0x57, 0xe9, 0x7a, 0xda, 0x38, 0xb9, 0x09, 0xa3, 0xd1, 0x46, 0x68, 0x5f, 0x4c, 0x5b,
    0xfe, 0x47, 0xe0, 0x4d, 0x3a, 0x7a, 0xb3, 0xe5, 0xcd, 0x6b, 0xab, 0xb9, 0x0f, 0xa5, 0x3e, 0x10, 0x30, 0x32, 0x12, 0x6b,
    0xf2, 0xf8, 0x15, 0xa6, 0x45, 0xaa, 0x41, 0xe5, 0xa5, 0x0c, 0xbf, 0x03, 0xed, 0x33, 0xdc, 0xf1, 0xd7, 0x65, 0x21, 0xf9,
    0x1d, 0x5c, 0x6b, 0x60, 0x84, 0x50, 0x3b, 0xad, 0x8d, 0x16, 0x3f, 0x21, 0x0b, 0x65, 0x8b, 0x3f, 0xeb, 0xa8, 0x41, 0x31,
    0xeb, 0x2f, 0xbf, 0x22, 0x5d, 0xcc, 0xcd, 0x92, 0x3a, 0x72, 0xfe, 0x47, 0xe0, 0x5b, 0x47, 0x39, 0x85, 0xcf, 0x7f, 0x7d,
    0xf6, 0x37, 0x6b, 0x81, 0xf5, 0x35, 0x53, 0x93, 0x34, 0x62, 0x7f, 0x7f, 0xea, 0x83, 0x97, 0xb1, 0x9b, 0x3c, 0x48, 0xc6,
    0x61, 0x34, 0xc9, 0x1f, 0x32, 0xfe, 0x9f, 0xc5, 0x6e, 0x94, 0x65, 0x25, 0xb7, 0xd3, 0xb3, 0x6e, 0x14, 0xcc, 0x07, 0x07,
    0x43, 0xf4, 0x8c, 0x63, 0x6c, 0x6b, 0x89, 0x40, 0x1c, 0xa3, 0xb5, 0xa9, 0x1b, 0x5e, 0xde, 0x80, 0x39, 0x42, 0x3d, 0x5e,
    0x70, 0xf7, 0x69, 0x8b, 0x56, 0x06, 0x1e, 0xc6, 0xfb, 0x54, 0x57, 0xe3, 0xb6, 0xcc, 0x03, 0xa0, 0x11, 0x36, 0x5b, 0x7c,
    0x0c, 0x7e, 0xc4, 0x20, 0x97, 0xfd, 0x36, 0x9c, 0xfc, 0xbf, 0x81, 0x66, 0x83, 0x31, 0xa6, 0x92, 0x17, 0xa8, 0x7e, 0x7d,
    0xc9, 0xbd, 0x6e, 0xa2, 0x1a, 0x43, 0x4c, 0x73, 0xda, 0x25, 0x5a, 0x8d, 0x47, 0x92, 0x1e, 0xf0, 0x19, 0xcb, 0x08, 0xdb,
    0xc0, 0xc5, 0xef, 0x2b, 0xcd, 0xec, 0xa7, 0x4f, 0x7b, 0xe8, 0x27, 0x7a, 0x46, 0xdd, 0x78, 0x47, 0x0d, 0x43, 0x20, 0x86,
    0xd3, 0x19, 0x8f, 0x49, 0xeb, 0x38, 0xf1, 0xff, 0x75, 0x47, 0xcd, 0x3d, 0x9f, 0xff, 0x5a, 0x4b, 0x1d, 0x0f, 0xb0, 0x86,
    0xbc, 0xc9, 0x9d, 0x65, 0xc2, 0x81, 0x46, 0xb4, 0xd2, 0xda, 0x6c, 0xd1, 0x0c, 0xee, 0x77, 0xe0, 0x3f, 0x2c, 0x76, 0x7c,
    0x7d, 0x15, 0x5b, 0x93, 0xcb, 0x89, 0x7f, 0x43, 0xf4, 0x94, 0xfa, 0x3d, 0xca, 0x4a, 0x6a, 0x68, 0x79, 0xf0, 0x7e, 0x15,
    0xf0, 0xf2, 0x47, 0xfc, 0xc0, 0xb0, 0x95, 0x34, 0x78, 0xda, 0x67, 0x13, 0xd7, 0x23, 0xea, 0x1d, 0x57, 0xf7, 0xd9, 0xe3,
    0xc1, 0xff, 0xe7, 0x84, 0x0b, 0x7d, 0x67, 0x05, 0xf4, 0xc2, 0x2a, 0x23, 0xa3, 0xbb, 0x26, 0xc3, 0xbe, 0x27, 0xb4, 0x8e,
    0xa5, 0x0d, 0xff, 0x23, 0xb0, 0x9c, 0x66, 0xde, 0x54, 0x2b, 0x88, 0xe6, 0x7f, 0xb3, 0xd5, 0xe1, 0x89, 0x0e, 0x50, 0x5b,
    0xeb, 0xdf, 0xa7, 0x00, 0x58, 0xc5, 0xbe, 0x7f, 0x0c, 0xe0, 0x53, 0xf6, 0x7d, 0x11, 0x5d, 0xd7, 0xcd, 0xaa, 0xf0, 0x59,
    0xd6, 0x1a, 0xeb, 0x3d, 0xad, 0x21, 0xe7, 0xb3, 0xb3, 0x56, 0x7b, 0x90, 0xfd, 0x5b, 0xd3, 0x0c, 0x38, 0xd1, 0xa1, 0x96,
    0x13, 0xff, 0xeb, 0x93, 0xcf, 0x48, 0x4e, 0xcf, 0xfc, 0xef, 0x81, 0x49, 0xb6, 0x19, 0xa2, 0x10, 0x26, 0x61, 0x52, 0x9a,
    0x64, 0xf8, 0x1d, 0x4d, 0xad, 0x55, 0xc9, 0x22, 0x7d, 0x24, 0x39, 0xf0, 0x7f, 0x27, 0x47, 0xc3, 0xf5, 0xa2, 0xad, 0xee,
    0x08, 0x2a, 0xcf, 0x19, 0x92, 0xa7, 0x7c, 0x48, 0x62, 0x93, 0xd4, 0x57, 0xac, 0x49, 0xe4, 0x5f, 0xe4, 0x8e, 0x97, 0x47,
    0xf1, 0xac, 0xa0, 0x4f, 0x3d, 0xe6, 0xea, 0x3e, 0xcb, 0x05, 0xf7, 0xd9, 0x8e, 0x9f, 0x0d, 0x5c, 0xa0, 0xd1, 0xaf, 0x99,
    0x07, 0xed, 0x7e, 0x36, 0x34, 0x44, 0x7f, 0x43, 0x1a, 0x70, 0xee, 0xbf, 0xe1, 0xe5, 0x7f, 0x1b, 0x8b, 0xc7, 0x4d, 0x5d,
    0x57, 0x33, 0xea, 0x04, 0x92, 0x60, 0x74, 0x1d, 0xf3, 0x41, 0x00, 0x2f, 0x1b, 0x5e, 0xbd, 0x9a, 0x3d, 0x21, 0x0b, 0x49,
    0xf5, 0xda, 0xba, 0x7c, 0xb6, 0x8b, 0xd6, 0xa8, 0x4c, 0x9e, 0x13, 0xab, 0x89, 0x99, 0x03, 0x3c, 0xf4, 0x94, 0x22, 0xf8,
    0x9b, 0xf4, 0x14, 0x65, 0x5c, 0x9f, 0x51, 0x96, 0xe4, 0xdd, 0x8d, 0x88, 0x09, 0x92, 0xff, 0xfa, 0x6f, 0x6b, 0xe1, 0xd3,
    0xfe, 0x9f, 0x5e, 0x58, 0x49, 0x9e, 0x30, 0x76, 0xae, 0xc9, 0xf8, 0x6f, 0x5d, 0x05, 0xe6, 0xa7, 0xb2, 0x51, 0x02, 0xef,
    0x96, 0xe6, 0x16, 0xed, 0xfa, 0x47, 0x98, 0x80, 0x3b, 0x7c, 0x3c, 0x65, 0x69, 0xa9, 0x57, 0xaa, 0x36, 0x83, 0xf2, 0xbd,
    0x96, 0xe2, 0x98, 0x67, 0xe8, 0x03, 0x0c, 0xf7, 0xa3, 0x1e, 0x0a, 0x4a, 0xee, 0x53, 0xd1, 0xd5, 0x7d, 0x26, 0xb8, 0x58,
    0x67, 0x74, 0xe7, 0xfa, 0xf6, 0xb8, 0x41, 0x5d, 0xd2, 0xbf, 0xea, 0xd6, 0xe0, 0x60, 0xf9, 0xbf, 0x89, 0xb4, 0x0f, 0x11,
    0x5c, 0x9f, 0x30, 0x98, 0x18, 0xca, 0x5b, 0x11, 0x1f, 0x36, 0xc9, 0xb3, 0xd3, 0x68, 0x34, 0xcb, 0xed, 0xf0, 0x44, 0xcd,
    0xe9, 0x9a, 0x1d, 0x8c, 0x76, 0xaa, 0x6a, 0xf8, 0x0d, 0x69, 0x2c, 0x6e, 0x88, 0x08, 0x34, 0x94, 0xfa, 0xf1, 0xa5, 0x22,
    0x07, 0x76, 0xd0, 0x78, 0x9a, 0x9d, 0xe4, 0x88, 0x2b, 0x9e, 0xbc, 0xc6, 0xb4, 0x31, 0xef, 0x80, 0x07, 0x0f, 0xd5, 0x2d,
    0x24, 0x91, 0x38, 0xaf, 0xb9, 0x9c, 0xf8, 0xaf, 0xcb, 0x36, 0x63, 0x32, 0x19, 0xff, 0x17, 0x90, 0xd4, 0x92, 0xdf, 0xe4,
    0x91, 0xae, 0x7b, 0xea, 0x7d, 0x2d, 0xe1, 0xff, 0xe8, 0x00, 0xfd, 0x85, 0xa6, 0xc5, 0x9e, 0xc3, 0xa9, 0x7b, 0xd6, 0x24,
    0xf7, 0xa5, 0x7a, 0x96, 0xdd, 0xe1, 0xeb, 0x39, 0x35, 0x8d, 0xf4, 0x07, 0x12, 0x7f, 0x7d, 0xed, 0xd3, 0xc3, 0x83, 0x5e,
    0x5e, 0x64, 0x23, 0xfd, 0xd7, 0xc5, 0x7d, 0x9e, 0x77, 0x71, 0x9f, 0x28, 0x7c, 0x4f, 0x9c, 0x29, 0xed, 0xe3, 0xb7, 0xd6,
    0xa2, 0xab, 0xcd, 0x08, 0x01, 0xff, 0x3f, 0xa0, 0xd5, 0x44, 0x8c, 0xd0, 0xc6, 0x27, 0xd3, 0x31, 0x0d, 0x20, 0x0d, 0x7c,
    0x59, 0xf2, 0x1d, 0xd1, 0x5a, 0x65, 0x92, 0x4b, 0xcb, 0xf1, 0x74, 0x36, 0xfa, 0x9d, 0x30, 0x49, 0x30, 0x1a, 0x9b, 0xfb,
    0x33, 0xcd, 0x76, 0x22, 0xf2, 0x39, 0x5e, 0x69, 0x0a, 0xf5, 0xca, 0xaa, 0x74, 0xef, 0x5f, 0x5d, 0x78, 0xff, 0xf8, 0xe7,
    0xff, 0x74, 0x92, 0x59, 0x9a, 0xbb, 0xa8, 0xe9, 0xcc, 0xff, 0xee, 0x36, 0xd9, 0x38, 0xe3, 0xf3, 0x7f, 0x20, 0xf5, 0x83,
    0xbe, 0x4c, 0x1e, 0xbe, 0x19, 0x3b, 0xb1, 0x96, 0xc6, 0xb1, 0x53, 0x5c, 0x09, 0xb9, 0x00, 0xab, 0x6d, 0x2d, 0x3d, 0x2d,
    0xf0, 0xb3, 0x1a, 0x4a, 0xb5, 0x87, 0xd1, 0x95, 0xb2, 0xa3, 0x2d, 0x49, 0x74, 0x7b, 0x7d, 0xfa, 0xbb, 0x2c, 0xa5, 0x9e,
    0x73, 0x93, 0x60, 0xae, 0xda, 0x4e, 0xb3, 0x44, 0xe1, 0xa0, 0xf9, 0xaf, 0x6b, 0x2d, 0xe5, 0xf7, 0xb9, 0xc0, 0xb1, 0xd6,
    0xf1, 0xee, 0x53, 0x95, 0x34, 0xe0, 0xab, 0x24, 0x72, 0x7c, 0x34, 0x2a, 0x71, 0x8f, 0x46, 0x92, 0x0c, 0xbb, 0x3a, 0x04,
    0xfc, 0xef, 0x44, 0x75, 0x78, 0x3b, 0xaf, 0x06, 0x91, 0x7e, 0x2e, 0xbb, 0xd4, 0xe7, 0xe2, 0x0a, 0x79, 0xbc, 0x47, 0xe0,
    0x09, 0xcb, 0x6c, 0x2e, 0xc3, 0x12, 0xa6, 0x1d, 0x9d, 0x1f, 0x20, 0xe5, 0x8f, 0x61, 0x5e, 0xc0, 0xdf, 0xb8, 0xd2, 0x6b,
    0xb5, 0xa3, 0xfb, 0xbd, 0x64, 0xd1, 0x50, 0x4d, 0x0f, 0x0b, 0xff, 0x3b, 0x4b, 0x7c, 0xdd, 0xbc, 0xf3, 0x5f, 0xf7, 0x2a,
    0x29, 0x9e, 0xa9, 0xf8, 0x9f, 0x1f, 0xa7, 0xe8, 0xa9, 0x8f, 0x63, 0x11, 0xe9, 0xab, 0xb7, 0x22, 0x2f, 0x9b, 0xe5, 0x76,
    0x73, 0x64, 0x19, 0x9d, 0xff, 0x23, 0x02, 0xe6, 0x4c, 0xd1, 0xfb, 0xc9, 0x4b, 0xab, 0x0b, 0x6d, 0x16, 0xdc, 0x40, 0x33,
    0x88, 0xb6, 0x0a, 0xac, 0xe4, 0xf3, 0x39, 0x75, 0x6f, 0x22, 0xfe, 0xee, 0xc9, 0x27, 0x85, 0x7b, 0x16, 0xbc, 0xf3, 0xbf,
    0x8b, 0xe3, 0x7d, 0x46, 0xba, 0xbe, 0xcf, 0x48, 0x2a, 0xed, 0x22, 0xf4, 0x25, 0x3a, 0x2f, 0xf0, 0x36, 0xcb, 0x4d, 0x2d,
    0x3a, 0x31, 0x04, 0xfc, 0x2f, 0xc3, 0x79, 0x5f, 0xba, 0x37, 0xe8, 0x11, 0x17, 0x4c, 0x9c, 0xcf, 0x2c, 0xf7, 0x9a, 0x2e,
    0x70, 0x83, 0xab, 0xd6, 0xd3, 0xd7, 0x7c, 0xd7, 0x51, 0x4f, 0xea, 0x10, 0xe0, 0x53, 0xfa, 0x2f, 0xf3, 0xfc, 0x7d, 0xc5,
    0xe1, 0x1a, 0x37, 0xd0, 0x7c, 0xb2, 0xda, 0x64, 0xf3, 0x1f, 0x29, 0xf1, 0xa1, 0x08, 0x86, 0xff, 0x35, 0x68, 0x46, 0xfa,
    0xc2, 0xa5, 0x77, 0x81, 0x33, 0xff, 0x75, 0xad, 0xc7, 0x53, 0x99, 0x8a, 0xff, 0xda, 0x3c, 0xb5, 0x91, 0xe9, 0x9c, 0x8e,
    0x20, 0x8e, 0xe6, 0xb6, 0xdc, 0x98, 0x4e, 0xef, 0xe0, 0x98, 0x80, 0xff, 0xb3, 0x02, 0x74, 0x95, 0xfa, 0x3e, 0x34, 0xbe,
    0x3c, 0xdd, 0x07, 0x87, 0x0d, 0x1b, 0xf7, 0x1c, 0x5f, 0xd2, 0x70, 0xca, 0x5c, 0xa9, 0xef, 0x94, 0x9d, 0x63, 0x5b, 0x85,
    0x76, 0x26, 0x1b, 0xfb, 0x1f, 0x28, 0x12, 0x12, 0xfe, 0xa7, 0xd8, 0x00, 0x44, 0xf7, 0x39, 0xcb, 0xd5, 0x1f, 0xf0, 0xef,
    0x93, 0x93, 0xfa, 0xc3, 0x19, 0x81, 0xaf, 0x5b, 0x65, 0x6a, 0x97, 0x04, 0x54, 0xe7, 0xce, 0xcd, 0xce, 0xfb, 0x56, 0xdc,
    0xf0, 0x5f, 0xef, 0x91, 0x97, 0x03, 0xfc, 0x52, 0xa2, 0x31, 0xd5, 0x41, 0xfb, 0x67, 0xf6, 0xf8, 0x6b, 0x4c, 0x7e, 0x71,
    0x8f, 0xbb, 0x6a, 0xbb, 0xe2, 0xf4, 0x9b, 0x5e, 0xa1, 0x95, 0x43, 0x51, 0x4b, 0x4b, 0x24, 0x90, 0xdf, 0x58, 0xa0, 0x57,
    0x01, 0x4f, 0x8b, 0xf6, 0x1d, 0xf9, 0x11, 0x95, 0xb4, 0xed, 0xfe, 0xfd, 0xcb, 0xa5, 0x1f, 0x80, 0x5b, 0xfe, 0xe7, 0x27,
    0x7b, 0xc5, 0x61, 0xc1, 0xde, 0x2c, 0x7f, 0xfc, 0xd7, 0xda, 0x35, 0x2e, 0x93, 0xf1, 0x5f, 0xd7, 0x9a, 0x36, 0x08, 0xd0,
    0x80, 0x64, 0x43, 0x61, 0x8e, 0x6c, 0xaa, 0xf3, 0xdf, 0x6a, 0x07, 0x6a, 0x4c, 0x65, 0xdd, 0x24, 0x57, 0xcf, 0x87, 0x06,
    0xb8, 0x59, 0xb2, 0xff, 0xd8, 0x1d, 0xca, 0xe1, 0x28, 0xdd, 0x69, 0x3f, 0x3a, 0xa1, 0x1a, 0x62, 0x10, 0x89, 0x32, 0x68,
    0x83, 0x85, 0x6c, 0xcf, 0xf2, 0xdd, 0x92, 0x7d, 0xb9, 0x59, 0x3d, 0xfa, 0x49, 0x7f, 0x2a, 0xbc, 0xcf, 0x09, 0x81, 0x26,
    0x4a, 0x74, 0x9f, 0x16, 0x54, 0xbe, 0x5c, 0xe2, 0xaf, 0xa6, 0xf5, 0xd5, 0xd7, 0x70, 0x37, 0xd3, 0xc0, 0x44, 0xa2, 0x16,
    0x66, 0xb0, 0xbd, 0xd2, 0xd9, 0x43, 0xc2, 0xff, 0x2a, 0x34, 0x17, 0x27, 0xe0, 0x0d, 0xdc, 0x48, 0x2b, 0xaf, 0x22, 0x68,
    0xce, 0x6c, 0x0c, 0x53, 0x1c, 0xe7, 0xbd, 0x48, 0xda, 0xd5, 0xb2, 0x9f, 0xb8, 0x97, 0xdd, 0x65, 0xeb, 0x6d, 0x21, 0x59,
    0x12, 0xd8, 0x12, 0x50, 0xfe, 0x15, 0xd9, 0x5d, 0x9c, 0x3d, 0x42, 0xde, 0xe4, 0xea, 0x3e, 0xab, 0xd3, 0x18, 0xb4, 0xca,
    0x95, 0x4d, 0xcf, 0x1d, 0xff, 0x23, 0xb1, 0x8c, 0x46, 0xa9, 0x67, 0x50, 0x95, 0x8b, 0x12, 0xbe, 0xf8, 0xdf, 0x8e, 0x18,
    0x1e, 0x95, 0xe9, 0xf8, 0x1f, 0xe1, 0xda, 0xc3, 0x0a, 0x36, 0x6b, 0xff, 0x24, 0x5a, 0x31, 0x97, 0x48, 0x83, 0xbb, 0x17,
    0xc5, 0x1a, 0xc3, 0x86, 0x77, 0x99, 0x66, 0x63, 0xfd, 0xb3, 0x97, 0xbb, 0xeb, 0xd9, 0x2f, 0xff, 0x35, 0xed, 0xf3, 0x6a,
    0xee, 0x7d, 0xb6, 0x0b, 0xe5, 0x17, 0xf1, 0x7d, 0x3e, 0xa1, 0x23, 0x4f, 0x08, 0x64, 0x9a, 0xf7, 0x8d, 0x6b, 0x27, 0xe3,
    0x00, 0x7e, 0x33, 0x7c, 0x00, 0x7e, 0x72, 0xe1, 0x09, 0xe8, 0x8e, 0xff, 0xda, 0x1a, 0x60, 0x9f, 0x11, 0x57, 0xe4, 0xb4,
    0x71, 0xbf, 0x37, 0x5d, 0x71, 0xe9, 0x45, 0x56, 0xfb, 0x6d, 0xd7, 0x6d, 0x37, 0x84, 0x9d, 0xf1, 0x96, 0xcd, 0xd3, 0x51,
    0xff, 0xbc, 0x2b, 0x3d, 0xbb, 0x29, 0xf9, 0x1d, 0x7d, 0x2c, 0xdc, 0x7b, 0xf8, 0x62, 0xc8, 0xf8, 0x5f, 0xd4, 0x21, 0x8e,
    0xc6, 0x54, 0x5f, 0xfc, 0x2f, 0x40, 0x2b, 0xb7, 0x9a, 0xd7, 0x2c, 0xff, 0x75, 0x59, 0xff, 0x1f, 0xec, 0x46, 0x39, 0x63,
    0xdf, 0xc3, 0xa5, 0x00, 0x2d, 0x7f, 0x38, 0x11, 0x8d, 0x16, 0x58, 0xc0, 0xfc, 0xc2, 0x74, 0x7f, 0xb9, 0x35, 0xe8, 0xc0,
    0x89, 0xc7, 0x10, 0x1c, 0xff, 0xf5, 0x55, 0x68, 0x0f, 0x2c, 0xa7, 0xf5, 0xa1, 0xbe, 0xc7, 0x61, 0x1a, 0x5a, 0x4b, 0xe6,
    0x40, 0xf1, 0x7d, 0xae, 0x23, 0xce, 0xfd, 0x2d, 0x8c, 0xe9, 0xd5, 0x10, 0xd3, 0xc9, 0x4e, 0x92, 0xf2, 0xb9, 0x84, 0x95,
    0x68, 0xe1, 0x8a, 0x9b, 0x6e, 0xf9, 0xaf, 0xcd, 0xf9, 0x83, 0xb1, 0x9c, 0xe9, 0x79, 0xae, 0x60, 0x33, 0xa6, 0xa0, 0x9d,
    0xeb, 0xf1, 0xfe, 0x22, 0x8d, 0x4d, 0x15, 0x3c, 0x58, 0x2f, 0xc1, 0xb5, 0xf2, 0xd4, 0x60, 0xe5, 0xcd, 0xa5, 0xcf, 0x79,
    0x9c, 0x24, 0xf2, 0x7c, 0xdc, 0x37, 0xff, 0x9d, 0x65, 0x57, 0x70, 0xc6, 0xe4, 0xbf, 0x6e, 0x71, 0xed, 0x7b, 0xcd, 0xf2,
    0xbf, 0x08, 0xb3, 0x8f, 0xaf, 0xc1, 0x05, 0xac, 0xc7, 0x87, 0xf8, 0x91, 0xc6, 0xbb, 0xe3, 0xa8, 0x9c, 0xa6, 0x4f, 0x11,
    0x8d, 0x62, 0xa8, 0x83, 0x46, 0xb8, 0xc1, 0xd1, 0x67, 0x23, 0x58, 0xe4, 0x24, 0xfb, 0x68, 0x38, 0xf6, 0x63, 0x5b, 0x65,
    0xd1, 0x02, 0xa8, 0x8c, 0x26, 0xa8, 0x8e, 0x42, 0x1e, 0xbc, 0xd6, 0xbc, 0xa3, 0x0c, 0xea, 0x48, 0xc6, 0x4a, 0x85, 0xe0,
    0xd7, 0xff, 0x3a, 0xc7, 0xd7, 0x5c, 0xb3, 0xfc, 0xbf, 0x81, 0x69, 0x62, 0xf3, 0x60, 0x01, 0xc5, 0x29, 0xd0, 0xe4, 0xe3,
    0xb5, 0x16, 0x5d, 0xcd, 0xb5, 0x06, 0x3d, 0xb2, 0xd5, 0x66, 0x97, 0x3a, 0x62, 0x85, 0xff, 0x3a, 0xff, 0xaf, 0x47, 0x73,
    0x4b, 0x14, 0x92, 0x6b, 0x8b, 0xff, 0xd6, 0x59, 0xab, 0x1c, 0x6a, 0x05, 0xad, 0xd5, 0xcb, 0xf8, 0xd8, 0xc8, 0xf6, 0xb5,
    0xe4, 0x55, 0x1c, 0x50, 0xfc, 0x0f, 0xea, 0x0a, 0xd7, 0x16, 0xff, 0xff, 0x2b, 0x28, 0x4f, 0x7e, 0xdd, 0x9a, 0x0e, 0x3d,
    0x1e, 0xf3, 0xf0, 0x90, 0x6a, 0x11, 0xc5, 0x7f, 0xc5, 0xff, 0xff, 0x14, 0xea, 0x9a, 0xf6, 0xe8, 0xf6, 0x56, 0xed, 0xa1,
    0xf8, 0xaf, 0xf8, 0xff, 0x1f, 0x43, 0x14, 0xaa, 0xa3, 0x3d, 0x1e, 0x41, 0x7d, 0xb5, 0x0a, 0xf8, 0x4f, 0xf3, 0xff, 0x2f,
    0xec, 0xc7, 0x7e, 0x69, 0x14, 0x14, 0x91, 0x27, 0xa5, 0x76, 0xde, 0x3f, 0x8a, 0xff, 0x0a, 0x0a, 0x99, 0x14, 0x27, 0x70,
    0x96, 0x61, 0xa9, 0xe7, 0x73, 0xbf, 0x34, 0xce, 0x3d, 0xa0, 0x5a, 0x52, 0x41, 0x41, 0x41, 0x41, 0x41, 0x41, 0x41, 0x41,
    0x41, 0x41, 0x41, 0x41, 0x41, 0x41, 0x41, 0x41, 0x41, 0x41, 0x41, 0x41, 0x41, 0x41, 0x41, 0x41, 0x41, 0x41, 0x41, 0x41,
    0x41, 0x41, 0x41, 0x41, 0x41, 0x41, 0x41, 0x41, 0x41, 0x41, 0x41, 0x41, 0x41, 0x41, 0x41, 0x41, 0x41, 0x41, 0x41, 0x41,
    0x41, 0x41, 0xe1, 0x9a, 0x47, 0x17, 0xac, 0xc3, 0x3a, 0xc9, 0x71, 0x2d, 0xbb, 0x4e, 0x3b, 0x3c, 0x88, 0x8a, 0x2e, 0xf2,
    0xc7, 0xde, 0x8c, 0x81, 0x58, 0x82, 0x69, 0xc2, 0xe3, 0xc5, 0xd1, 0x0a, 0xb5, 0xd8, 0x75, 0x72, 0xa1, 0x2c, 0xca, 0x72,
    0xae, 0x19, 0x4d, 0xcf, 0xf3, 0x94, 0xab, 0x67, 0xcf, 0x47, 0x75, 0x1f, 0xf4, 0x74, 0x2c, 0x37, 0x95, 0x3f, 0xec, 0xea,
    0xfa, 0xa2, 0xba, 0xd1, 0xf4, 0xec, 0x7a, 0x4e, 0xd6, 0xc2, 0x78, 0x00, 0x4d, 0x2c, 0x31, 0x4d, 0xcb, 0xa3, 0x03, 0x9a,
    0x09, 0xb2, 0xce, 0x9a, 0xcf, 0xcc, 0x8e, 0x46, 0x78, 0x1c, 0x8d, 0x1c, 0xf3, 0x78, 0xc5, 0xa0, 0x32, 0x1e, 0x42, 0x3b,
    0xdc, 0x22, 0x89, 0x12, 0x95, 0xd5, 0x74, 0xdd, 0x9c, 0x68, 0x82, 0x76, 0x28, 0xef, 0x10, 0x03, 0x31, 0x0a, 0x15, 0xf1,
    0x08, 0xee, 0x60, 0xf9, 0x19, 0x4a, 0xa0, 0x1d, 0xda, 0x71, 0x22, 0xb3, 0xa6, 0x3e, 0x6f, 0x14, 0x6e, 0xc3, 0xa3, 0x92,
    0xac, 0x53, 0xb1, 0xa8, 0x8e, 0xd6, 0x68, 0xe5, 0x98, 0x07, 0x20, 0x2b, 0x86, 0x09, 0x73, 0x32, 0xe8, 0xbf, 0xc2, 0x9a,
    0x31, 0xa2, 0x20, 0xca, 0xe2, 0x06, 0x4e, 0xdd, 0x52, 0x28, 0xcb, 0xc9, 0x11, 0x94, 0x8f, 0xae, 0x60, 0x6f, 0xa7, 0x48,
    0x2a, 0xb7, 0xb6, 0xb4, 0x56, 0x62, 0x8d, 0x27, 0x7b, 0xbd, 0xad, 0x44, 0xef, 0x05, 0x5a, 0xcd, 0x3c, 0x9c, 0x27, 0xe5,
    0xe5, 0xca, 0x28, 0x8d, 0xb2, 0x9c, 0x0c, 0x0b, 0x79, 0xa8, 0x7e, 0x76, 0x4e, 0xab, 0x95, 0xe5, 0x40, 0xd6, 0x86, 0xa5,
    0x31, 0x08, 0x5f, 0x63, 0x1d, 0x27, 0x93, 0xdb, 0x43, 0x58, 0x87, 0xf9, 0xbe, 0xa2, 0x29, 0x40, 0x70, 0x2c, 0x0b, 0x06,
    0x1a, 0xb1, 0x7b, 0xb5, 0x6c, 0xb0, 0xfd, 0xa5, 0xf1, 0xfb, 0x96, 0x19, 0x35, 0x79, 0x47, 0xeb, 0x50, 0x0e, 0x0d, 0x50,
    0x14, 0xdf, 0x59, 0xc8, 0xc6, 0xb2, 0x61, 0xe5, 0xe6, 0xdc, 0x13, 0x2c, 0x5f, 0x96, 0x33, 0x0a, 0x53, 0xdd, 0x9e, 0x9e,
    0x8e, 0x15, 0xf0, 0x10, 0x7f, 0x44, 0x54, 0x37, 0x1f, 0x95, 0xdf, 0x8f, 0x42, 0xf8, 0x81, 0x65, 0x65, 0xb9, 0x84, 0x99,
    0x74, 0xe4, 0x3e, 0xfc, 0xce, 0x7e, 0x65, 0x02, 0x37, 0x2b, 0x68, 0xca, 0x99, 0x39, 0xb0, 0xc4, 0x88, 0xbf, 0x7c, 0x96,
    0x93, 0x71, 0x31, 0x05, 0x39, 0x30, 0x8e, 0xf2, 0x87, 0xa5, 0x64, 0x34, 0x9f, 0x84, 0x5c, 0xdc, 0x7a, 0xa5, 0xe8, 0xf8,
    0x43, 0x28, 0x8a, 0xf5, 0x46, 0xfd, 0x63, 0x94, 0x2b, 0x94, 0x8f, 0x46, 0x94, 0x09, 0x52, 0xcf, 0x27, 0xb3, 0x0e, 0xf9,
    0xd1, 0x95, 0xbe, 0xe7, 0x11, 0xb4, 0xe2, 0xbd, 0x68, 0x82, 0x13, 0xf4, 0x8d, 0x3f, 0x56, 0x15, 0xc4, 0x38, 0x96, 0x99,
    0x4a, 0x8b, 0x72, 0xbc, 0x0f, 0x1f, 0x0a, 0x63, 0x77, 0x47, 0xa0, 0x26, 0x80, 0x65, 0x82, 0x63, 0xe5, 0x39, 0x99, 0x9e,
    0x26, 0x50, 0x0b, 0xd9, 0xeb, 0x2e, 0xa0, 0x7c, 0x15, 0x39, 0x6d, 0x11, 0x02, 0xb4, 0xda, 0xbc, 0x6c, 0xd9, 0x5a, 0xfe,
    0xc3, 0xf7, 0x4d, 0x7f, 0xdf, 0xc4, 0xb2, 0x46, 0x98, 0xeb, 0x1c, 0xe4, 0x66, 0xa5, 0x2d, 0x44, 0xbf, 0x7d, 0x9d, 0x65,
    0x3c, 0x1d, 0x4e, 0x51, 0xb3, 0x79, 0x39, 0x38, 0x17, 0x52, 0x8e, 0xa6, 0x40, 0x76, 0x4e, 0xa3, 0x8c, 0x77, 0xf6, 0xa8,
    0x17, 0x8f, 0xbb, 0x8c, 0x9a, 0x9c, 0x82, 0x77, 0x28, 0xb2, 0x3b, 0xff, 0x4d, 0xf4, 0x12, 0x66, 0xa9, 0xf6, 0xc7, 0xff,
    0xbc, 0x2c, 0x57, 0xd0, 0x6a, 0x8c, 0xc0, 0x28, 0x96, 0x33, 0x60, 0x8d, 0x30, 0xf2, 0xad, 0x1e, 0xe1, 0x73, 0x0b, 0x9e,
    0xc2, 0xbd, 0x9c, 0xa3, 0x2d, 0x29, 0xbe, 0xf9, 0x05, 0xac, 0xc0, 0x04, 0xca, 0x86, 0x11, 0xc7, 0x62, 0xe2, 0x67, 0x09,
    0x8a, 0xff, 0x79, 0x10, 0x87, 0x38, 0xdc, 0xe3, 0xe9, 0x58, 0x28, 0xf8, 0x9f, 0x9d, 0xca, 0x3b, 0x61, 0x2d, 0x8e, 0xe0,
    0x43, 0x7c, 0xc5, 0xde, 0xc9, 0x63, 0xa8, 0x83, 0x0b, 0xd8, 0x8c, 0xa9, 0xf8, 0x85, 0xbd, 0xa3, 0xdb, 0x05, 0x67, 0x3e,
    0x81, 0x25, 0x38, 0x8b, 0x78, 0x4c, 0xc4, 0x6a, 0x96, 0x17, 0xe1, 0x2e, 0xee, 0xfd, 0x8b, 0xd1, 0x95, 0x92, 0xb1, 0x06,
    0x6f, 0x63, 0x24, 0x56, 0xd1, 0x7d, 0xf6, 0x73, 0x73, 0x44, 0xe8, 0x11, 0xa5, 0xff, 0x87, 0x4d, 0x48, 0xc6, 0xcf, 0x78,
    0x1f, 0x6b, 0x29, 0xd3, 0xc7, 0x65, 0x41, 0x1e, 0xed, 0x16, 0x34, 0xf6, 0xfc, 0x83, 0x38, 0x0c, 0xc2, 0x5c, 0x9c, 0xc2,
    0x06, 0xbc, 0x21, 0x88, 0xbc, 0x9e, 0x97, 0xe5, 0x11, 0xd1, 0xe2, 0x71, 0x9f, 0x43, 0x02, 0x97, 0xff, 0x31, 0x58, 0x47,
    0xb5, 0x0e, 0x61, 0x01, 0xa6, 0x63, 0x07, 0x3d, 0xe5, 0x59, 0xd4, 0x12, 0xb4, 0x69, 0x8f, 0x10, 0xf1, 0xbf, 0x2d, 0x1b,
    0xf1, 0xac, 0x33, 0xf5, 0x45, 0x61, 0xc6, 0xd7, 0xf7, 0x28, 0xff, 0x69, 0xea, 0xdf, 0xff, 0x63, 0xef, 0x28, 0x35, 0x17,
    0x85, 0x9e, 0xe5, 0xad, 0x05, 0xb7, 0xf7, 0x26, 0x5b, 0xf2, 0xb6, 0x57, 0xa1, 0x31, 0x96, 0x9f, 0xcd, 0xa1, 0x39, 0xeb,
    0x1b, 0xd6, 0x16, 0xd2, 0x32, 0x51, 0x7e, 0xc4, 0xa9, 0xdd, 0x0a, 0x5b, 0x2d, 0xd0, 0x73, 0xf3, 0xbc, 0x27, 0x94, 0x8f,
    0xb4, 0x28, 0xf8, 0x9b, 0xf0, 0x10, 0xf2, 0x70, 0xa4, 0xbb, 0x50, 0xf3, 0xff, 0x4d, 0x1a, 0xe3, 0x52, 0xb3, 0x4c, 0x3f,
    0x4c, 0x6f, 0xb6, 0x97, 0xe0, 0x3a, 0x7a, 0x0e, 0xc8, 0x56, 0x82, 0xa3, 0x5b, 0x29, 0x3b, 0x74, 0x2d, 0xe3, 0x57, 0x5f,
    0x65, 0xbf, 0x34, 0x32, 0x28, 0xfe, 0xfb, 0x41, 0x28, 0xf8, 0x9f, 0x95, 0xca, 0x7f, 0xc7, 0xe7, 0x6c, 0x9c, 0x2f, 0x83,
    0x9d, 0x14, 0x93, 0xe6, 0x24, 0x65, 0xe7, 0xd5, 0x70, 0x1b, 0xf5, 0x90, 0x05, 0x82, 0x33, 0x0f, 0x63, 0xab, 0x91, 0x59,
    0xbf, 0x11, 0xd5, 0xfc, 0x8a, 0x7b, 0xff, 0x29, 0x24, 0x59, 0xa4, 0xae, 0x3f, 0x1e, 0xa4, 0x51, 0x74, 0x0a, 0x77, 0x06,
    0xd6, 0xf3, 0x42, 0x1e, 0x35, 0x46, 0x87, 0x3b, 0x69, 0x64, 0xd9, 0xc8, 0xbd, 0xee, 0x4f, 0x94, 0x8b, 0x21, 0x25, 0xda,
    0x7c, 0x09, 0x6c, 0x63, 0xb2, 0x48, 0x34, 0x47, 0xfe, 0xd0, 0xb3, 0xd8, 0x9f, 0xc4, 0x6d, 0x88, 0x46, 0x24, 0x77, 0x4d,
    0xf1, 0x60, 0x40, 0x36, 0xe7, 0x72, 0xd4, 0x4b, 0x97, 0x70, 0x9f, 0xb2, 0x2c, 0x65, 0x85, 0x5a, 0x4d, 0x52, 0x6e, 0xfe,
    0xa0, 0xf8, 0x1f, 0x43, 0x91, 0xb3, 0x3f, 0xe5, 0xcc, 0xa6, 0xfc, 0x28, 0xf3, 0xf7, 0x06, 0x64, 0x15, 0x5d, 0x4c, 0xd9,
    0xa1, 0xcc, 0x4c, 0xed, 0x4c, 0x32, 0x2e, 0x7f, 0x7e, 0x9b, 0x44, 0xad, 0x5b, 0x9c, 0xad, 0x89, 0xb4, 0x58, 0xb6, 0x3f,
    0x0b, 0x56, 0x63, 0x51, 0x38, 0x44, 0x57, 0x36, 0x97, 0xb5, 0x76, 0x99, 0xb1, 0x3b, 0x96, 0xe6, 0xc6, 0x7f, 0x8c, 0xbe,
    0x11, 0x88, 0xbb, 0x6c, 0x59, 0x83, 0xc2, 0xc7, 0xff, 0x62, 0xb8, 0x60, 0xcb, 0x6d, 0x39, 0x93, 0xb2, 0x14, 0xf0, 0x5b,
    0x48, 0xcf, 0x4c, 0x53, 0x98, 0x7b, 0xec, 0x76, 0x5b, 0xbe, 0xe3, 0x91, 0xc2, 0x95, 0x42, 0x66, 0xe0, 0x7f, 0x16, 0xf6,
    0xf4, 0x0d, 0x8c, 0x92, 0x57, 0x58, 0x46, 0x97, 0x54, 0x06, 0x7d, 0x4e, 0x7d, 0x84, 0x7f, 0xe6, 0x55, 0x54, 0x31, 0x95,
    0xc5, 0x53, 0xab, 0xda, 0xef, 0x5e, 0x8e, 0x46, 0x06, 0x6b, 0xbe, 0xf0, 0x19, 0x34, 0xab, 0x97, 0x16, 0x3c, 0x29, 0xd0,
    0xc6, 0x54, 0x36, 0x86, 0x4a, 0xec, 0x99, 0xd6, 0xea, 0xd9, 0xde, 0x46, 0x43, 0x76, 0x76, 0xa4, 0xf0, 0x97, 0xca, 0xfa,
    0xee, 0x70, 0xe2, 0x46, 0x36, 0x8b, 0x7c, 0x31, 0x1c, 0x9d, 0x39, 0x35, 0xc7, 0x59, 0xa4, 0xdc, 0x41, 0x41, 0xf1, 0x5f,
    0x9f, 0xd1, 0x2f, 0x5a, 0x24, 0xed, 0x15, 0x00, 0x7e, 0x15, 0xe8, 0x3d, 0x62, 0x49, 0x22, 0x7a, 0xcc, 0xd0, 0x6b, 0x9c,
    0xc6, 0x65, 0x3c, 0x06, 0x98, 0xa2, 0x90, 0xcd, 0x01, 0xb0, 0x42, 0xf0, 0x1b, 0x73, 0x61, 0x2f, 0x80, 0xc5, 0xf4, 0xfd,
    0x05, 0x5a, 0xdd, 0x55, 0x11, 0xb6, 0xc7, 0x6b, 0xb6, 0x5c, 0x2f, 0x73, 0x24, 0xcf, 0x15, 0x11, 0x50, 0x2f, 0x19, 0xf7,
    0x09, 0x8f, 0x0f, 0xa2, 0xb5, 0x45, 0x96, 0x20, 0xf9, 0xaf, 0x6b, 0x7e, 0x9a, 0xb0, 0x96, 0x13, 0xf1, 0xbf, 0x1b, 0xcb,
    0x51, 0x62, 0x2e, 0xd3, 0x73, 0x14, 0xde, 0xc3, 0x59, 0x21, 0x95, 0x65, 0x8c, 0xae, 0x42, 0x23, 0x7b, 0xe0, 0xf1, 0xc1,
    0x74, 0xac, 0x94, 0x65, 0xf4, 0xbe, 0xe0, 0x82, 0xff, 0x31, 0x68, 0x20, 0xd5, 0x90, 0xe9, 0xda, 0xa9, 0xbc, 0x9e, 0x8e,
    0xf1, 0x38, 0x5d, 0x06, 0x65, 0xb9, 0x63, 0xae, 0x9c, 0xff, 0x67, 0x4c, 0x6f, 0xe2, 0x21, 0x2a, 0x59, 0x6c, 0xaa, 0x33,
    0x99, 0xe2, 0xdc, 0xf1, 0xcf, 0xfc, 0xda, 0x52, 0xf6, 0x2e, 0x8d, 0x08, 0xf6, 0xd9, 0xa4, 0x27, 0x67, 0xb4, 0xd7, 0x47,
    0xd2, 0xce, 0x82, 0x27, 0xdd, 0x6d, 0x29, 0xab, 0x2b, 0xc8, 0xf5, 0xf5, 0x3a, 0x95, 0x97, 0xb7, 0x94, 0xed, 0x91, 0xbe,
    0x8d, 0x7d, 0xd2, 0xbe, 0xfb, 0x3c, 0xd5, 0xa9, 0xe6, 0xa2, 0xe7, 0x3d, 0x83, 0x65, 0x94, 0xa5, 0xe9, 0x24, 0x96, 0x61,
    0x99, 0x2d, 0x3b, 0xa1, 0x57, 0xfe, 0xd7, 0x0b, 0xc8, 0x71, 0x58, 0x88, 0xc6, 0xcb, 0xd7, 0x85, 0x77, 0x5f, 0x63, 0x5a,
    0x59, 0xd7, 0x01, 0xf0, 0x1d, 0xae, 0xa7, 0x6c, 0xbd, 0x29, 0xc7, 0x8f, 0x5b, 0xa4, 0x18, 0xbb, 0xfe, 0x2a, 0x11, 0x40,
    0x3b, 0x94, 0x22, 0x4d, 0x87, 0x6c, 0xfe, 0x28, 0x46, 0x35, 0x87, 0x9b, 0x64, 0x28, 0xed, 0x8c, 0x01, 0x2e, 0x5a, 0x47,
    0xfb, 0x8c, 0x71, 0x98, 0xab, 0x77, 0x0a, 0x8f, 0xba, 0xe3, 0xbf, 0x55, 0xf3, 0x53, 0x00, 0x43, 0x05, 0x6f, 0x7e, 0x14,
    0xe9, 0x9b, 0x8a, 0x04, 0xac, 0xa9, 0xaf, 0x5a, 0xd6, 0x41, 0x66, 0x39, 0xd5, 0xfc, 0x09, 0x3c, 0x3e, 0x95, 0xd6, 0xfe,
    0xf6, 0x15, 0x81, 0xb8, 0xc7, 0xf5, 0x43, 0x4e, 0x2c, 0x62, 0x63, 0x84, 0x58, 0x43, 0x16, 0x1a, 0xfd, 0xdf, 0x6b, 0xc2,
    0x9c, 0x78, 0x72, 0xfe, 0x9b, 0xd9, 0xde, 0x94, 0xad, 0xbf, 0xad, 0xab, 0xa7, 0x04, 0xc1, 0x99, 0x56, 0xfd, 0x4e, 0x5f,
    0x41, 0x06, 0xb2, 0xb1, 0x34, 0x1b, 0xc4, 0x70, 0x7e, 0xd5, 0x60, 0xc1, 0x93, 0x5a, 0x67, 0xaf, 0xfc, 0x54, 0x36, 0x8a,
    0xfb, 0xb6, 0x92, 0x02, 0x34, 0xb9, 0x8b, 0xa4, 0x6f, 0x63, 0xae, 0xb4, 0x47, 0x55, 0xa0, 0xfe, 0xfe, 0x2f, 0x06, 0xa3,
    0xaa, 0x8b, 0x39, 0xee, 0xe7, 0x10, 0xad, 0xff, 0x35, 0x9d, 0xfe, 0x3e, 0xcb, 0x5b, 0xe8, 0x4e, 0xed, 0x75, 0x83, 0xf0,
    0xce, 0x7d, 0x28, 0xc7, 0xa5, 0xfe, 0xbd, 0x1f, 0xcb, 0xe7, 0xae, 0xcd, 0xea, 0xe5, 0x4c, 0xfa, 0xc0, 0xf2, 0x92, 0x27,
    0x1f, 0x44, 0x72, 0xda, 0x97, 0x01, 0x59, 0xd5, 0x79, 0x58, 0x4c, 0xab, 0xc3, 0x14, 0x59, 0xb0, 0x1d, 0xb5, 0xb7, 0x53,
    0x66, 0xcf, 0xaa, 0xa4, 0xbb, 0xd8, 0x28, 0xcd, 0xc5, 0x15, 0x3c, 0xff, 0xcd, 0x9a, 0x9f, 0x38, 0xfc, 0x81, 0xef, 0x30,
    0x5a, 0xf0, 0xe6, 0x3f, 0xa5, 0xd6, 0xbc, 0x18, 0x00, 0x58, 0x46, 0xb6, 0x14, 0x3c, 0x87, 0x65, 0xd8, 0xc5, 0x7a, 0xe0,
    0x32, 0xce, 0xdb, 0xfd, 0x0c, 0xc0, 0x6f, 0x01, 0x65, 0x71, 0xd2, 0x1e, 0xf7, 0x32, 0x96, 0xe1, 0x5f, 0x2c, 0x27, 0x0d,
    0xd9, 0x79, 0xa1, 0x86, 0x2c, 0x14, 0xfc, 0x7f, 0x9a, 0x74, 0x3b, 0x83, 0x7d, 0xc8, 0xff, 0x66, 0xf9, 0xf5, 0x4e, 0xdb,
    0xca, 0x73, 0x98, 0x84, 0xff, 0x6f, 0xd8, 0xfa, 0x25, 0x8f, 0xff, 0x8b, 0xc8, 0x56, 0x12, 0x28, 0xbb, 0x69, 0x99, 0xe2,
    0x66, 0x0a, 0x9e, 0x74, 0x52, 0x00, 0x3f, 0x12, 0x29, 0x03, 0x3b, 0xcf, 0x4e, 0x73, 0x8a, 0xb3, 0xbe, 0x15, 0xbf, 0x8d,
    0xb1, 0x0e, 0xbd, 0xaa, 0xad, 0x91, 0x71, 0xf5, 0x24, 0x66, 0xa0, 0xa5, 0xb4, 0x0f, 0x87, 0x8e, 0xff, 0xba, 0x24, 0x73,
    0xc9, 0xb0, 0x5a, 0xac, 0xb3, 0x49, 0x56, 0x56, 0x54, 0xa3, 0xab, 0xeb, 0xb6, 0xb9, 0xaf, 0x58, 0x0e, 0xc5, 0xf7, 0x8d,
    0xfb, 0xf5, 0x08, 0xd0, 0x0f, 0xf2, 0xda, 0x62, 0x23, 0x5b, 0xe5, 0x95, 0x74, 0x64, 0x99, 0x59, 0x4e, 0xfe, 0x54, 0xb2,
    0xae, 0x48, 0xd5, 0x5c, 0xea, 0x2b, 0xff, 0xd2, 0x8e, 0x6b, 0xf5, 0xe0, 0xf8, 0xff, 0x13, 0x65, 0xdf, 0xbe, 0xd9, 0x90,
    0x54, 0x36, 0x33, 0xcd, 0x8f, 0xbd, 0xe6, 0xd7, 0x5c, 0xfe, 0x6b, 0x98, 0x2e, 0x59, 0xff, 0xc7, 0x72, 0x8f, 0x6d, 0xa0,
    0xac, 0xbf, 0xd6, 0xb2, 0xd1, 0xd2, 0x1e, 0x77, 0x14, 0x3f, 0x1b, 0xeb, 0x88, 0xdb, 0xe8, 0x19, 0x57, 0x87, 0x85, 0xff,
    0xf7, 0x12, 0x47, 0xc6, 0xf8, 0x5a, 0xff, 0x0f, 0xb4, 0xf1, 0xbf, 0xa1, 0x4b, 0xfe, 0x0f, 0x76, 0xc5, 0xff, 0x6f, 0xb9,
    0x79, 0xbe, 0x4f, 0x93, 0x3e, 0x8e, 0xff, 0xa4, 0xfd, 0x39, 0x75, 0x3f, 0xe3, 0xbe, 0x8d, 0x03, 0x9e, 0xde, 0xc6, 0x1b,
    0x8e, 0xb3, 0xfa, 0x0d, 0xe8, 0x4f, 0x3a, 0x50, 0x30, 0x86, 0x74, 0x15, 0x4a, 0x02, 0xa1, 0xe4, 0x7f, 0x59, 0x1a, 0xbb,
    0x1f, 0xa7, 0xef, 0x25, 0x49, 0x36, 0x7d, 0x52, 0xf2, 0x8c, 0x91, 0x24, 0xe1, 0x3f, 0x4a, 0x12, 0xf9, 0x25, 0x5c, 0x21,
    0x4b, 0x6a, 0x07, 0x23, 0x4f, 0xb2, 0x66, 0xb7, 0x1b, 0xef, 0xf0, 0x2b, 0x87, 0xd3, 0xf3, 0x6d, 0x72, 0xf4, 0x84, 0x89,
    0xc6, 0x6f, 0x00, 0xb3, 0xc5, 0xeb, 0x36, 0x09, 0xa7, 0x4c, 0xb1, 0x1f, 0x13, 0xdb, 0xee, 0x75, 0xa1, 0xab, 0x0b, 0x86,
    0xff, 0xfa, 0x8a, 0xe9, 0x55, 0x5b, 0x09, 0xef, 0xcd, 0xcf, 0x26, 0x8d, 0xbd, 0x7b, 0xbd, 0x9a, 0x8c, 0xff, 0xcb, 0x2c,
    0xeb, 0xac, 0xd4, 0x51, 0x51, 0xdc, 0xe3, 0xac, 0x2d, 0xb6, 0x4c, 0xa0, 0x21, 0x0b, 0x96, 0xff, 0x0d, 0xe9, 0xdd, 0x4c,
    0x13, 0xf6, 0xd5, 0xf4, 0xe5, 0xff, 0x3c, 0x4e, 0xcf, 0xcf, 0x4a, 0x3d, 0x7e, 0xb2, 0xe0, 0x49, 0x47, 0x04, 0xf4, 0x42,
    0x8d, 0x11, 0xd3, 0xb9, 0x6f, 0x23, 0x50, 0xae, 0xf8, 0x30, 0x24, 0xda, 0xd8, 0xca, 0x78, 0x91, 0x46, 0x2d, 0x48, 0xd6,
    0xbb, 0x5e, 0xf9, 0x3f, 0x51, 0xc2, 0x7f, 0x7d, 0x8c, 0xd4, 0x47, 0xb8, 0x97, 0xc9, 0x42, 0x19, 0x2b, 0x7d, 0xbe, 0x59,
    0xcc, 0x7a, 0xa2, 0xe9, 0xd1, 0xd7, 0x33, 0xdb, 0x87, 0xde, 0xb3, 0xa2, 0xf0, 0x17, 0x57, 0xb3, 0x65, 0xc6, 0xad, 0xa4,
    0x5f, 0x48, 0x90, 0x64, 0x26, 0x4e, 0xc5, 0x40, 0xaa, 0xa9, 0x59, 0x38, 0x3a, 0x12, 0x8f, 0xe4, 0x19, 0x76, 0x9f, 0xa5,
    0xdf, 0xfd, 0x8e, 0xe3, 0x55, 0x27, 0x04, 0xc9, 0x7f, 0x5d, 0xf3, 0x53, 0xce, 0x52, 0xf6, 0x8b, 0xe0, 0xcd, 0xeb, 0x19,
    0xe8, 0x73, 0x86, 0x84, 0xff, 0xef, 0x93, 0xa6, 0x36, 0xc2, 0xd5, 0x7d, 0xb3, 0x30, 0x5f, 0xa3, 0x5c, 0x01, 0xbf, 0x9b,
    0xa7, 0x21, 0x0b, 0x8e, 0xff, 0x95, 0x29, 0x93, 0xc4, 0x27, 0x92, 0xd1, 0x3c, 0x7d, 0xf9, 0x3f, 0x92, 0xf3, 0x06, 0x8a,
    0xdb, 0x46, 0x70, 0xf3, 0x93, 0xce, 0x0c, 0xd0, 0xca, 0x6a, 0x9f, 0xa1, 0x5c, 0x6d, 0xcc, 0xd5, 0x80, 0x5f, 0xfd, 0x45,
    0x08, 0xad, 0x31, 0xf5, 0x49, 0x96, 0xbd, 0xcc, 0xf1, 0xed, 0x72, 0xc7, 0x7f, 0xab, 0xce, 0x79, 0x89, 0x94, 0xff, 0x5d,
    0xe9, 0x4e, 0x9a, 0x7e, 0x58, 0xcb, 0x2d, 0xf5, 0x81, 0xc3, 0x93, 0x3d, 0x02, 0x60, 0x0f, 0xd3, 0xcd, 0x0c, 0x35, 0xf9,
    0x05, 0x55, 0xa2, 0xbc, 0xea, 0x17, 0xa4, 0x59, 0x9d, 0x73, 0x50, 0x8f, 0x9d, 0x47, 0x5c, 0xbd, 0x8c, 0x1a, 0x0e, 0x77,
    0x2a, 0x4e, 0x72, 0xe5, 0xd3, 0xcc, 0xba, 0x23, 0x5f, 0x3f, 0x55, 0xa3, 0x59, 0xe8, 0x7b, 0x17, 0xf9, 0xf5, 0xb5, 0x76,
    0x5d, 0x14, 0x04, 0xff, 0x79, 0x9a, 0x9f, 0x85, 0x82, 0x37, 0xdf, 0x89, 0xca, 0x9b, 0x84, 0x84, 0xff, 0xba, 0x77, 0xc9,
    0x8d, 0x16, 0x4b, 0xf0, 0x15, 0x69, 0x8f, 0x5b, 0xe2, 0x4a, 0x43, 0x16, 0x0c, 0xff, 0x4b, 0x91, 0xa7, 0xde, 0x67, 0xd2,
    0x56, 0x4f, 0x5f, 0xfe, 0x77, 0xe5, 0xe8, 0x3d, 0xee, 0xa7, 0xb2, 0x87, 0x05, 0x4f, 0xba, 0x85, 0x63, 0x2b, 0xe8, 0x26,
    0xb0, 0xc6, 0x54, 0x35, 0x95, 0xe4, 0x24, 0xad, 0x7c, 0xe8, 0xac, 0xb1, 0x7a, 0xdf, 0xa9, 0xef, 0x99, 0xff, 0x05, 0x39,
    0xfa, 0xa5, 0xbd, 0x52, 0xfe, 0xe7, 0xa7, 0xf9, 0xf8, 0x51, 0x36, 0x72, 0x38, 0x59, 0xd8, 0x0b, 0x92, 0xf6, 0xa4, 0x28,
    0x7e, 0x00, 0x8c, 0xec, 0xc2, 0x33, 0xa8, 0x8d, 0x5e, 0x02, 0xb0, 0x5c, 0x7a, 0xee, 0x58, 0x9a, 0xc7, 0x8b, 0x20, 0x12,
    0xab, 0x01, 0xfc, 0xe2, 0x98, 0x01, 0x7e, 0x29, 0x80, 0x2f, 0x99, 0x4d, 0xa2, 0x8a, 0x74, 0xe5, 0xbf, 0x97, 0xe4, 0xb1,
    0x52, 0x8e, 0xad, 0x5a, 0x85, 0x7e, 0x63, 0x87, 0x20, 0xf8, 0xef, 0x45, 0xf3, 0x93, 0x87, 0xfc, 0x2b, 0x96, 0x07, 0xe8,
    0x79, 0x7e, 0xc2, 0x50, 0x01, 0xc7, 0x65, 0xfc, 0xaf, 0x6f, 0xd3, 0x97, 0x2d, 0x72, 0xb0, 0xff, 0xbb, 0xd3, 0x90, 0xf9,
    0xe7, 0xff, 0x70, 0xd2, 0x57, 0x26, 0x49, 0xb4, 0xc5, 0xe9, 0xcf, 0xff, 0x02, 0x94, 0x31, 0x35, 0xce, 0x52, 0xa6, 0x59,
    0xb8, 0xff, 0xe0, 0xb4, 0x72, 0x8a, 0xfd, 0xbf, 0x66, 0x80, 0x05, 0x32, 0x91, 0xa3, 0x77, 0xd6, 0xed, 0x82, 0x6f, 0xda,
    0xf8, 0xea, 0x8f, 0xff, 0xb9, 0xb1, 0x04, 0x47, 0x02, 0xf6, 0x6b, 0x74, 0x93, 0xe8, 0xd2, 0x65, 0xfc, 0xd7, 0xb3, 0x83,
    0xcd, 0xb7, 0x79, 0xf9, 0x9d, 0x95, 0xdc, 0x7f, 0x21, 0x79, 0xd6, 0xf5, 0x21, 0xff, 0x43, 0xe7, 0xec, 0xf2, 0x1b, 0xc9,
    0xe3, 0x27, 0x09, 0x97, 0x0c, 0x5f, 0xfc, 0x27, 0xa8, 0x8d, 0x97, 0x04, 0x58, 0x6f, 0xec, 0x9e, 0x37, 0xda, 0x5a, 0xea,
    0x11, 0xa6, 0x75, 0x38, 0xef, 0x42, 0x57, 0xd0, 0x9a, 0x5a, 0x5f, 0x1b, 0x6b, 0x7f, 0x90, 0xd6, 0x8b, 0xa3, 0x95, 0x7f,
    0x1b, 0x87, 0xab, 0xd5, 0xc2, 0x42, 0xf2, 0x5f, 0x58, 0x2c, 0x59, 0xe1, 0x38, 0xf3, 0xdf, 0x8b, 0xe6, 0x27, 0x02, 0xbd,
    0xe9, 0xc8, 0x04, 0x36, 0x43, 0x66, 0xc1, 0x9d, 0x64, 0xc7, 0x9c, 0xe4, 0x63, 0xfe, 0xd7, 0xad, 0x7d, 0x9a, 0x27, 0x5b,
    0x24, 0x69, 0x1d, 0xdf, 0xc4, 0x45, 0x4f, 0x12, 0x67, 0xe8, 0xf9, 0x9f, 0xe2, 0x23, 0xff, 0x95, 0x54, 0x97, 0x93, 0xbe,
    0xfc, 0xd7, 0x2d, 0x4e, 0xc9, 0xe8, 0x63, 0xe8, 0xfe, 0x87, 0x07, 0x78, 0xda, 0x05, 0x3e, 0xe9, 0x5f, 0xd8, 0x6d, 0xac,
    0xee, 0xda, 0x90, 0x4e, 0xfe, 0x53, 0xa1, 0x16, 0xf8, 0x22, 0x5a, 0x1b, 0xde, 0xad, 0xe7, 0x71, 0x24, 0x88, 0xf9, 0x7f,
    0x1d, 0xc9, 0xce, 0x8d, 0x8c, 0x96, 0x2c, 0x4b, 0x57, 0x3b, 0x26, 0xd0, 0xaa, 0xc8, 0xf9, 0xbf, 0x9e, 0x46, 0xe5, 0xa6,
    0x46, 0xab, 0x9e, 0xc4, 0x36, 0x5a, 0xd7, 0x8b, 0xef, 0x7e, 0x1f, 0xcd, 0x69, 0x1b, 0x5c, 0x69, 0x29, 0x75, 0x49, 0x74,
    0x1b, 0xf9, 0xb1, 0xa7, 0xee, 0xa7, 0xd1, 0x6c, 0x75, 0x7f, 0xd8, 0xd6, 0xc5, 0xd6, 0x5d, 0x1b, 0x47, 0x2c, 0x96, 0xc6,
    0x9e, 0xf4, 0x5e, 0x9a, 0x39, 0xe8, 0x00, 0x8f, 0xd0, 0x4a, 0x81, 0x27, 0x81, 0x05, 0xae, 0xfc, 0x47, 0x3b, 0x3e, 0xf7,
    0x9b, 0x2e, 0xde, 0x83, 0xbb, 0xf9, 0x3f, 0x50, 0xf3, 0xf3, 0x81, 0x90, 0xff, 0xd9, 0x99, 0x8d, 0xee, 0x14, 0xbe, 0xc0,
    0x0a, 0xb6, 0xbf, 0x63, 0x8d, 0x50, 0x5e, 0x96, 0xf3, 0xbf, 0x31, 0xe9, 0xa2, 0x35, 0xcd, 0xf0, 0xcf, 0xb8, 0x8a, 0x24,
    0xb4, 0x65, 0x52, 0x68, 0x7a, 0xf1, 0x1f, 0x58, 0xc5, 0xae, 0x3a, 0x28, 0x03, 0xf3, 0x3f, 0x37, 0xdb, 0x53, 0x75, 0x00,
    0xf3, 0xb0, 0x8c, 0xed, 0x2c, 0x9a, 0xc7, 0xd5, 0x25, 0xe9, 0x4f, 0xfa, 0x0a, 0xd6, 0xe0, 0x02, 0xd6, 0xe3, 0x43, 0xfc,
    0x48, 0x92, 0xee, 0x71, 0xc3, 0xc7, 0x37, 0x70, 0x36, 0x3b, 0x47, 0x3d, 0x78, 0x3f, 0x3e, 0xa7, 0xab, 0x7e, 0x4c, 0xfa,
    0x2a, 0xbf, 0xfc, 0xaf, 0x4e, 0x92, 0xa2, 0xb6, 0x1b, 0xe7, 0x5b, 0xac, 0xc0, 0x29, 0xb6, 0x1f, 0xaa, 0xa1, 0x0f, 0xfd,
    0x5f, 0x8a, 0xf7, 0xbc, 0xf6, 0x64, 0x2b, 0xb0, 0x0f, 0xc9, 0x18, 0x42, 0xde, 0x76, 0x17, 0xa4, 0xbb, 0x23, 0xff, 0x62,
    0xe7, 0x94, 0x73, 0xa5, 0x9b, 0x80, 0xed, 0xdd, 0x1d, 0xa2, 0x92, 0xbd, 0x92, 0xb3, 0x3e, 0x22, 0xde, 0x5c, 0x67, 0xb2,
    0xc2, 0x6e, 0x20, 0x1b, 0x55, 0x01, 0xe9, 0xbd, 0x06, 0x31, 0x4d, 0x96, 0x6c, 0x7f, 0xa7, 0xae, 0x05, 0x3b, 0x67, 0xe4,
    0x35, 0xd4, 0xb1, 0x9b, 0xe3, 0xbd, 0x7c, 0x88, 0xe4, 0x89, 0x51, 0x12, 0x4d, 0xa2, 0x33, 0xff, 0x79, 0x9a, 0x9f, 0xcf,
    0x25, 0xfb, 0xff, 0x34, 0x8d, 0xc9, 0x2e, 0xd2, 0x64, 0x68, 0xfe, 0x1d, 0x5f, 0xe2, 0x0d, 0x14, 0xf4, 0xb5, 0xfe, 0xd7,
    0x70, 0x23, 0x96, 0x91, 0xfd, 0xe5, 0x08, 0x66, 0xd3, 0x2e, 0x81, 0xa1, 0x34, 0xd2, 0xa7, 0x17, 0xff, 0xe7, 0x91, 0xef,
    0xde, 0x3c, 0x7a, 0x86, 0x3b, 0x32, 0x2c, 0xff, 0x35, 0x9b, 0x55, 0x0f, 0xfc, 0xca, 0xf6, 0x17, 0x25, 0x62, 0xb7, 0x69,
    0x37, 0x06, 0xef, 0x49, 0x5f, 0x44, 0x5e, 0xcc, 0x65, 0x3b, 0xf5, 0x2e, 0x63, 0xad, 0xc4, 0x4e, 0x5d, 0x1d, 0xdb, 0x68,
    0x84, 0xd0, 0xc6, 0x88, 0x0f, 0x90, 0x8d, 0x69, 0x7b, 0xfd, 0xae, 0xff, 0x2b, 0x62, 0x16, 0xdb, 0xc7, 0xa4, 0xcb, 0x56,
    0x73, 0x24, 0xde, 0x80, 0x9a, 0x24, 0xf8, 0xad, 0xe4, 0x5a, 0x8f, 0xb1, 0xe7, 0xd7, 0x76, 0x3a, 0x0d, 0x65, 0x5e, 0xf9,
    0x57, 0xa5, 0x92, 0xbd, 0xbe, 0x82, 0xfd, 0xc6, 0x95, 0x66, 0x22, 0x9a, 0x74, 0xbe, 0xd6, 0x37, 0xa5, 0xcf, 0x80, 0xe3,
    0x84, 0xe7, 0xe8, 0xbe, 0x9d, 0x8f, 0x5b, 0xca, 0x2a, 0x91, 0x74, 0x35, 0x4f, 0x7a, 0xaf, 0x92, 0xd4, 0xc2, 0x1f, 0x49,
    0xeb, 0xec, 0xe2, 0xee, 0xff, 0x3b, 0xca, 0xf5, 0xda, 0xed, 0xc8, 0xf6, 0x62, 0xfa, 0xe7, 0xbf, 0x5d, 0xf3, 0x93, 0x9d,
    0xb5, 0x87, 0xec, 0xac, 0x6c, 0xa8, 0x8a, 0x6a, 0x8e, 0x36, 0x4f, 0x27, 0xfe, 0xa7, 0xec, 0x27, 0x4b, 0xf9, 0x36, 0x9d,
    0xb3, 0x16, 0x49, 0x3b, 0xfe, 0xf7, 0x66, 0x4f, 0xf3, 0x2b, 0x31, 0xa0, 0x68, 0x08, 0xf6, 0x0a, 0x84, 0x13, 0xb9, 0x50,
    0x1b, 0x55, 0x25, 0xbb, 0xff, 0x03, 0x9f, 0xb4, 0x0c, 0x6a, 0x49, 0x6b, 0xa7, 0x5c, 0xb5, 0xae, 0xe1, 0x6f, 0x32, 0xcc,
    0xb1, 0x17, 0x38, 0x21, 0x1b, 0xca, 0xa0, 0x1e, 0x6e, 0x43, 0x19, 0x07, 0x5b, 0xd7, 0x74, 0x9a, 0xcf, 0x0b, 0x49, 0xfd,
    0xd3, 0x4b, 0xa2, 0x91, 0xf0, 0x9d, 0x64, 0x1e, 0x54, 0x23, 0x5b, 0x6d, 0xed, 0x90, 0x5d, 0x2f, 0x8a, 0x46, 0xc6, 0x0f,
    0x82, 0xe0, 0x7f, 0x7d, 0x9b, 0xe6, 0xa7, 0x83, 0x64, 0xc7, 0xbe, 0x37, 0x38, 0xf1, 0x3f, 0x47, 0xc0, 0xee, 0x72, 0x4d,
    0x82, 0x5a, 0x99, 0xce, 0xfc, 0xd7, 0xf4, 0x2a, 0x97, 0x49, 0x4f, 0x1b, 0x95, 0xa1, 0xf9, 0x1f, 0xda, 0x5d, 0x4d, 0x5e,
    0xa3, 0x40, 0x84, 0x16, 0xf7, 0x33, 0x19, 0x61, 0x3b, 0x77, 0x87, 0xe0, 0xb5, 0x83, 0x48, 0xf2, 0x4d, 0xf8, 0x22, 0xa4,
    0xd7, 0xd4, 0x6c, 0x15, 0x3b, 0x82, 0xf2, 0xff, 0xdb, 0x42, 0x2b, 0x92, 0x94, 0x5d, 0xba, 0xcd, 0x70, 0x96, 0xad, 0x2a,
    0xa3, 0xc2, 0xca, 0xff, 0x18, 0x6c, 0xc4, 0x55, 0xfc, 0x60, 0xda, 0x2f, 0xd3, 0xc0, 0x26, 0x41, 0xa7, 0x0f, 0xff, 0xf5,
    0x56, 0xe3, 0x3f, 0x89, 0xe2, 0x7f, 0x78, 0x64, 0x99, 0x89, 0xb4, 0x1b, 0x9e, 0xe7, 0x99, 0x78, 0x2d, 0x41, 0xdf, 0xcd,
    0xd3, 0x28, 0xa4, 0xd7, 0x0c, 0xde, 0xff, 0xb7, 0x19, 0xd9, 0x2e, 0xb4, 0x18, 0x2d, 0x9f, 0xe3, 0x30, 0x79, 0x87, 0xf7,
    0x12, 0x44, 0x7e, 0x08, 0xed, 0xfc, 0xaf, 0x47, 0x50, 0x98, 0x83, 0xe6, 0x88, 0x45, 0x31, 0x3c, 0x41, 0x3d, 0xe0, 0x30,
    0xd7, 0xbb, 0x28, 0xad, 0xf9, 0x1f, 0x49, 0x96, 0xda, 0x24, 0xae, 0xa7, 0x83, 0xe2, 0x7f, 0x78, 0x90, 0x0d, 0xb7, 0x70,
    0x62, 0x0d, 0x5d, 0x1b, 0x88, 0x42, 0x5e, 0x54, 0xc1, 0x7b, 0xb4, 0x77, 0x6d, 0x79, 0x88, 0xaf, 0x1d, 0x8a, 0xfd, 0x7f,
    0x35, 0x0c, 0xcd, 0xcf, 0x31, 0x4c, 0x47, 0x0c, 0x8b, 0xc3, 0x95, 0x27, 0xec, 0xf2, 0xff, 0xfb, 0x46, 0x7c, 0x28, 0x30,
    0x9d, 0x76, 0x23, 0xc1, 0x2e, 0x8b, 0xb4, 0xe5, 0xbf, 0xe6, 0x15, 0x72, 0x44, 0xa0, 0x05, 0x50, 0xfc, 0x57, 0xf0, 0x8a,
    0x7c, 0x86, 0x16, 0x6f, 0xb5, 0x20, 0x56, 0x5b, 0xfa, 0xf2, 0x3f, 0x45, 0xf3, 0x53, 0x2a, 0xcd, 0xd7, 0x43, 0x95, 0xf1,
    0x1c, 0x3e, 0xc1, 0x61, 0x6c, 0xc7, 0x42, 0xf4, 0x71, 0xf4, 0x9f, 0x0a, 0x16, 0xb2, 0xb1, 0xe1, 0xda, 0x43, 0x7e, 0xb2,
    0x1b, 0xfd, 0xcf, 0xf7, 0xf9, 0x03, 0xe9, 0x7c, 0xc5, 0xde, 0xe0, 0x91, 0x1b, 0xbb, 0x70, 0x12, 0xab, 0xf0, 0x6a, 0x18,
    0x7a, 0x78, 0xa8, 0xf8, 0xff, 0x5f, 0x40, 0x09, 0xe2, 0xff, 0x0b, 0xaa, 0x25, 0x14, 0xae, 0x19, 0x0c, 0x25, 0x6f, 0x9c,
    0x48, 0xc5, 0x7f, 0x17, 0xd0, 0xf7, 0x60, 0x77, 0x54, 0x2d, 0xa1, 0x70, 0xcd, 0x40, 0xf7, 0x86, 0xae, 0xa8, 0xf8, 0xef,
    0xb8, 0x06, 0xbb, 0x85, 0x3c, 0xba, 0x43, 0xad, 0x7f, 0x55, 0x50, 0x48, 0x4f, 0xe4, 0x24, 0xad, 0xe2, 0x5c, 0xcb, 0x4e,
    0x3a, 0xc5, 0x7f, 0xbe, 0x9f, 0x33, 0xc8, 0x56, 0x1a, 0xa5, 0x5a, 0x43, 0xe1, 0x1a, 0xc2, 0x3c, 0xa6, 0x43, 0x3f, 0xc0,
    0xd1, 0xd8, 0x2b, 0xfe, 0xa7, 0x7a, 0x84, 0x1e, 0xc7, 0xf7, 0x78, 0xf6, 0x9a, 0xb5, 0x31, 0x29, 0xfc, 0x57, 0x11, 0x8d,
    0x16, 0x58, 0x88, 0xd3, 0x38, 0xcb, 0x89, 0x6c, 0xab, 0xf8, 0xaf, 0xa0, 0xf0, 0xdf, 0x45, 0x76, 0x14, 0x70, 0xcc, 0x25,
    0xa7, 0xa0, 0xa0, 0xa0, 0xa0, 0xa0, 0xa0, 0xa0, 0xa0, 0xa0, 0xa0, 0xa0, 0xa0, 0xa0, 0xa0, 0xa0, 0xa0, 0xa0, 0xa0, 0xa0,
    0xa0, 0xa0, 0xa0, 0xa0, 0xa0, 0xa0, 0xa0, 0xa0, 0xa0, 0xa0, 0xa0, 0xa0, 0xa0, 0xa0, 0xa0, 0xa0, 0xa0, 0xa0, 0xa0, 0xa0,
    0xa0, 0xa0, 0xa0, 0xa0, 0xa0, 0xa0, 0xa0, 0x90, 0xd1, 0xf1, 0x0c, 0xd6, 0x61, 0x3e, 0xda, 0x98, 0xe2, 0xf0, 0x8a, 0x50,
    0x0e, 0x0d, 0x70, 0xbd, 0xcb, 0xab, 0x16, 0xc3, 0x20, 0xfc, 0x86, 0x45, 0x68, 0x26, 0x8c, 0x4c, 0xa2, 0x45, 0xe3, 0x2a,
    0x8a, 0xa2, 0x92, 0xe3, 0xf6, 0x6b, 0xfe, 0x80, 0x7d, 0xd8, 0x87, 0x97, 0x1c, 0x6b, 0xe6, 0xc6, 0x2c, 0xcc, 0x62, 0xb9,
    0xe6, 0x3a, 0x60, 0x16, 0x7a, 0x39, 0x9e, 0x91, 0x0d, 0x35, 0xd0, 0x11, 0x6d, 0x84, 0x71, 0x14, 0xec, 0x28, 0x44, 0x4f,
    0x1f, 0x25, 0xdd, 0x99, 0xad, 0xd5, 0x88, 0x75, 0x7d, 0xc5, 0x09, 0xf4, 0xeb, 0xbe, 0x74, 0xcc, 0xaf, 0x3c, 0x16, 0xb3,
    0x58, 0x64, 0xd2, 0xdb, 0x31, 0x4b, 0x9a, 0x21, 0x3a, 0x12, 0x33, 0xe8, 0x9a, 0x9f, 0x09, 0xe2, 0xef, 0xbf, 0x83, 0x59,
    0x2c, 0x97, 0x68, 0x23, 0xcc, 0x92, 0x64, 0xa4, 0x8d, 0xc2, 0x2c, 0xba, 0xce, 0x12, 0x87, 0x38, 0xfe, 0x5a, 0xe6, 0xb8,
    0x59, 0x2c, 0x07, 0x56, 0x03, 0xcc, 0x72, 0xc8, 0x87, 0x97, 0x95, 0xda, 0x27, 0xbf, 0xcb, 0xd6, 0x89, 0xc2, 0x6c, 0x7a,
    0x86, 0x45, 0x0e, 0x71, 0x69, 0x73, 0xd0, 0xbb, 0xaf, 0x44, 0xdf, 0xdb, 0x63, 0x16, 0x5e, 0x91, 0xd6, 0xee, 0x8b, 0x59,
    0x2c, 0x83, 0x5f, 0x45, 0x3a, 0x2f, 0xc6, 0xc5, 0x93, 0xbc, 0x8b, 0x5d, 0xd8, 0x15, 0x90, 0xdd, 0xd0, 0x2d, 0xb2, 0x21,
    0x07, 0x72, 0x78, 0xe8, 0xf3, 0x5a, 0x74, 0xde, 0x04, 0x24, 0xb0, 0xcc, 0x0d, 0x5f, 0x23, 0x41, 0x9a, 0x9b, 0xca, 0x0f,
    0xde, 0x64, 0xfb, 0xe2, 0x8f, 0xa1, 0x8c, 0xb0, 0xce, 0x4d, 0x18, 0x44, 0x39, 0x9a, 0xb4, 0xcf, 0x76, 0x0c, 0x43, 0x1d,
    0xf6, 0x0b, 0x6a, 0xe1, 0x3d, 0x74, 0xe2, 0xd4, 0xbf, 0x03, 0x89, 0x38, 0x8d, 0xc9, 0x94, 0x53, 0xf5, 0x53, 0xe1, 0x55,
    0xa7, 0xd1, 0xf5, 0x5e, 0x76, 0xf9, 0x9c, 0xb1, 0x94, 0xcd, 0xf9, 0x02, 0x65, 0x7e, 0xb9, 0xd7, 0xa1, 0x6e, 0x61, 0x53,
    0xae, 0x59, 0x2d, 0x4f, 0x78, 0xbc, 0xc3, 0x1e, 0xa9, 0xf7, 0x58, 0x3e, 0x23, 0x3d, 0x67, 0x4c, 0x5d, 0x17, 0x4f, 0xd3,
    0x94, 0xf2, 0xef, 0x7c, 0x27, 0xcd, 0xa8, 0x51, 0x87, 0xf2, 0x9b, 0xed, 0xe7, 0xec, 0xca, 0xe4, 0xa1, 0x1f, 0xed, 0xe1,
    0xd6, 0xb2, 0x3e, 0x2f, 0x70, 0xe8, 0x1f, 0x5a, 0xc6, 0xa4, 0xae, 0xf4, 0xad, 0x0b, 0xe5, 0x4e, 0x12, 0xd7, 0x1c, 0x41,
    0xad, 0x75, 0xc9, 0x96, 0x05, 0x3c, 0x05, 0x5a, 0x8c, 0xd3, 0x1e, 0xf4, 0xad, 0x13, 0xcb, 0x79, 0x2f, 0x62, 0xb5, 0x16,
    0x0d, 0x59, 0xcb, 0xaa, 0xfb, 0xbe, 0xc3, 0xaf, 0x38, 0x64, 0xc4, 0x57, 0x7c, 0x9c, 0x93, 0x57, 0xd6, 0x8a, 0x22, 0x94,
    0xe5, 0xf6, 0xbc, 0x20, 0x1f, 0x59, 0x20, 0xc6, 0x18, 0xcf, 0x30, 0x59, 0x5a, 0x2f, 0x8f, 0x29, 0x47, 0xf5, 0x68, 0xca,
    0xe3, 0x20, 0xab, 0xbd, 0xce, 0xc8, 0xb1, 0xaf, 0x67, 0x46, 0x76, 0x13, 0x9f, 0x2f, 0x2b, 0x86, 0x20, 0x11, 0x49, 0x6c,
    0xdc, 0xf0, 0x82, 0x87, 0x59, 0x94, 0xdd, 0xb7, 0x3d, 0x9c, 0xa3, 0x67, 0x3f, 0xd3, 0xfb, 0x99, 0x96, 0x09, 0x71, 0x48,
    0x88, 0xf9, 0x9f, 0x0d, 0x15, 0x30, 0x8a, 0xfa, 0xdd, 0x8b, 0xc2, 0x3a, 0x2b, 0x28, 0x36, 0xef, 0x72, 0x6c, 0x35, 0x78,
    0x72, 0x02, 0xab, 0xb0, 0x83, 0xbe, 0xf1, 0xe6, 0xd6, 0x85, 0xd8, 0xc9, 0xe2, 0x9c, 0xbe, 0x20, 0xc9, 0xa7, 0x1b, 0x89,
    0xd7, 0x90, 0x8c, 0x2b, 0x68, 0xe0, 0x6a, 0x8f, 0x73, 0x3c, 0x45, 0x4f, 0x2d, 0x86, 0x67, 0x70, 0x09, 0xff, 0x4a, 0xb3,
    0x27, 0x6b, 0x73, 0xf3, 0x39, 0x9c, 0x43, 0x1d, 0xd6, 0x07, 0xce, 0x61, 0x81, 0xb4, 0x17, 0x6e, 0xa3, 0x3c, 0x5a, 0xdf,
    0x61, 0x26, 0x76, 0xd3, 0x2f, 0xba, 0xc0, 0xce, 0x94, 0x49, 0x22, 0x7f, 0x50, 0x86, 0xbc, 0xec, 0x0e, 0xf5, 0x2a, 0x51,
    0x2e, 0xa1, 0x05, 0x2e, 0x7e, 0xdf, 0x23, 0x48, 0xc6, 0x9f, 0x68, 0x8d, 0x4a, 0xd8, 0xe9, 0x98, 0xb5, 0x72, 0x3f, 0xce,
    0xa1, 0x33, 0x7d, 0x7b, 0x12, 0xe7, 0x38, 0x79, 0xe1, 0x52, 0x25, 0x3b, 0x8d, 0xd3, 0x77, 0xa1, 0x1a, 0xf6, 0x0b, 0xe2,
    0x00, 0xef, 0xc6, 0x39, 0x3c, 0x4b, 0xdf, 0x3a, 0xe2, 0x1c, 0xf6, 0x0b, 0xae, 0xd3, 0x9d, 0xb2, 0x4f, 0xdd, 0x81, 0x1a,
    0x38, 0xe0, 0x18, 0x3d, 0x75, 0x27, 0xce, 0xb1, 0x5c, 0xfd, 0x8f, 0xe0, 0x1c, 0x0e, 0x3a, 0xfc, 0xea, 0xfc, 0x2c, 0x6f,
    0xb6, 0x73, 0x4c, 0xdc, 0xff, 0x51, 0x46, 0xce, 0xc6, 0xa8, 0x49, 0x23, 0x4c, 0x0f, 0x29, 0xff, 0xb5, 0x77, 0x7f, 0x1b,
    0x7d, 0x1f, 0x86, 0x73, 0x92, 0xbc, 0x82, 0x11, 0x94, 0xe9, 0xee, 0x1c, 0xcb, 0x7d, 0xd3, 0x90, 0xce, 0xcb, 0xee, 0x92,
    0x35, 0xf5, 0xf1, 0x2b, 0xae, 0xe0, 0x3e, 0x4f, 0x4c, 0xbb, 0x9f, 0x32, 0xcc, 0x6e, 0xa5, 0x31, 0xe0, 0x35, 0xd7, 0x67,
    0x55, 0xc6, 0x54, 0x4c, 0x65, 0xd2, 0x79, 0x1f, 0x4c, 0x75, 0x9c, 0xfb, 0xfc, 0x41, 0x8b, 0x77, 0xbf, 0x56, 0x78, 0xf4,
    0x75, 0x83, 0xa3, 0x39, 0xd0, 0x00, 0xc3, 0x69, 0xdc, 0x06, 0x8d, 0xc7, 0xb3, 0x39, 0xf9, 0xe4, 0x4a, 0x20, 0xd1, 0xc8,
    0x47, 0x9b, 0x0b, 0x67, 0xf0, 0x96, 0xe4, 0xbe, 0x0f, 0xe1, 0x02, 0x8e, 0x48, 0x33, 0x3f, 0xe9, 0x98, 0x88, 0x44, 0xf4,
    0x67, 0xd2, 0x76, 0x4d, 0x1c, 0xc4, 0x21, 0x14, 0x0e, 0xd1, 0x2f, 0x1f, 0x07, 0xe0, 0x8c, 0x91, 0x51, 0xbf, 0x0a, 0xcd,
    0xd9, 0x87, 0xa5, 0x99, 0xcd, 0xb2, 0x60, 0x1d, 0x92, 0x31, 0xd0, 0x95, 0x14, 0x57, 0x90, 0x66, 0x98, 0xe7, 0x1d, 0x6a,
    0x35, 0xc2, 0x25, 0x1a, 0xdb, 0xf4, 0x16, 0xfb, 0x18, 0xc9, 0x9c, 0x6c, 0xfe, 0x5e, 0xd1, 0x1c, 0x89, 0x88, 0x67, 0xad,
    0x94, 0x0f, 0x4b, 0x90, 0x84, 0x16, 0xbe, 0xae, 0xd3, 0x12, 0x89, 0x58, 0xc6, 0xde, 0x50, 0x7e, 0x2c, 0x43, 0x12, 0xee,
    0x0e, 0x61, 0xbf, 0xcb, 0x4a, 0x31, 0xe0, 0x67, 0x3b, 0xd4, 0x6a, 0x8d, 0x24, 0x2c, 0x61, 0x79, 0x26, 0x0b, 0x60, 0x39,
    0x12, 0x8d, 0xf7, 0x95, 0x7e, 0x88, 0xc5, 0x30, 0xbc, 0xeb, 0x22, 0xa3, 0x5a, 0xea, 0x6f, 0xb8, 0x8c, 0x23, 0x68, 0x87,
    0x08, 0xd4, 0xa6, 0x19, 0xe7, 0xb9, 0x0c, 0xa5, 0x05, 0xe8, 0x4d, 0x6c, 0x76, 0x1f, 0x19, 0x2b, 0x1f, 0xea, 0xe0, 0x16,
    0xc1, 0xb8, 0x7d, 0x3d, 0xae, 0x18, 0xb2, 0x44, 0x6e, 0xfc, 0x8b, 0x61, 0xd2, 0x2b, 0xd5, 0xc6, 0x71, 0xac, 0x70, 0xe4,
    0x52, 0x0d, 0xcb, 0xea, 0x24, 0x2f, 0x6a, 0x39, 0x46, 0x35, 0x28, 0x89, 0x3b, 0xf1, 0x38, 0xda, 0xa3, 0x8e, 0x54, 0xfe,
    0x2e, 0x41, 0xd2, 0xb1, 0x59, 0xa6, 0xd2, 0xf3, 0x21, 0x36, 0x95, 0xae, 0x98, 0x2e, 0x7a, 0xe0, 0x67, 0x0c, 0x66, 0xe2,
    0xb2, 0x43, 0xc6, 0xb7, 0x52, 0xb8, 0xd5, 0xd2, 0xf6, 0xd5, 0x1c, 0xf2, 0xd6, 0x46, 0xa3, 0x12, 0xda, 0xe1, 0x41, 0x54,
    0x94, 0x8c, 0x53, 0x65, 0x50, 0xc3, 0xd4, 0xaa, 0x91, 0x01, 0x2d, 0x68, 0xd6, 0x52, 0x94, 0x45, 0x59, 0xc9, 0xbc, 0x57,
    0x06, 0xd5, 0x2d, 0xd7, 0xb9, 0x55, 0x28, 0xcf, 0xa5, 0xfc, 0xde, 0xca, 0x78, 0x08, 0xed, 0x70, 0x8b, 0x6b, 0x6e, 0xf4,
    0x46, 0x12, 0xba, 0x48, 0x6b, 0x94, 0xb5, 0x3c, 0x43, 0x14, 0x6e, 0x35, 0x72, 0x14, 0x06, 0xea, 0x08, 0xb4, 0xdf, 0x92,
    0x2f, 0x40, 0xc6, 0xd0, 0xca, 0xec, 0xfd, 0xab, 0x34, 0xca, 0xb2, 0x11, 0xd7, 0x2a, 0x3d, 0xc8, 0x5b, 0xc3, 0x2f, 0x62,
    0x30, 0x01, 0x03, 0x0c, 0xbe, 0x64, 0x41, 0x2f, 0x4c, 0x76, 0xad, 0xf9, 0xd0, 0xe6, 0x84, 0xa5, 0x88, 0x47, 0x3c, 0x6a,
    0x84, 0x8d, 0xff, 0x7a, 0x14, 0xd1, 0x2c, 0x21, 0xba, 0xda, 0x3c, 0xec, 0x61, 0xac, 0x7b, 0x19, 0x89, 0x92, 0x8c, 0xb3,
    0x29, 0xd2, 0x7a, 0x2d, 0x57, 0x23, 0x8f, 0x3b, 0x46, 0x6b, 0xb8, 0x15, 0x9f, 0xb3, 0xfc, 0xb8, 0x7a, 0x0e, 0xea, 0x21,
    0x42, 0x2d, 0x5c, 0x0f, 0xaa, 0x71, 0xa3, 0xa5, 0x07, 0xdc, 0x81, 0xaa, 0xd2, 0x3b, 0xdc, 0xe2, 0x39, 0x4f, 0x42, 0x75,
    0x4e, 0x4f, 0xf3, 0xc3, 0x69, 0xbd, 0xef, 0x0c, 0xa4, 0xd5, 0x1a, 0x58, 0x26, 0xe9, 0xfe, 0x0e, 0x3a, 0x48, 0xa7, 0xfe,
    0xdc, 0xc2, 0x96, 0xfb, 0xd6, 0x3f, 0xa7, 0x73, 0x60, 0x1c, 0xc9, 0xb8, 0x60, 0xb9, 0x89, 0x27, 0xb9, 0xcc, 0x76, 0x51,
    0x01, 0x15, 0x24, 0x7a, 0x3f, 0xf7, 0x9c, 0xd6, 0xd7, 0xfe, 0xfd, 0x2c, 0x65, 0x03, 0x4d, 0xeb, 0x67, 0xeb, 0x1a, 0x55,
    0xcb, 0x5f, 0x1d, 0xcb, 0xd1, 0x49, 0x5d, 0x70, 0xec, 0x5f, 0xe1, 0xe7, 0xa3, 0x7d, 0x25, 0xa7, 0x7d, 0x66, 0x84, 0xed,
    0x0e, 0xf7, 0x86, 0x94, 0xff, 0x0d, 0x91, 0x80, 0x73, 0x98, 0x45, 0x72, 0xce, 0x47, 0x69, 0xcc, 0x68, 0x6d, 0xf6, 0xfc,
    0x87, 0xf4, 0x5e, 0x3b, 0x31, 0x15, 0xcb, 0x68, 0x7e, 0x07, 0x3e, 0x91, 0x6a, 0xb6, 0xa2, 0x3d, 0xfc, 0x36, 0xb7, 0x3c,
    0x0d, 0x0f, 0xa7, 0xf3, 0x52, 0x8e, 0x54, 0x4d, 0x13, 0x32, 0x02, 0xa3, 0xb0, 0x86, 0xbe, 0xaf, 0x91, 0x68, 0xad, 0x9c,
    0xd9, 0xed, 0x54, 0xc3, 0x3d, 0xa7, 0x8b, 0x51, 0xe6, 0xfa, 0x64, 0xac, 0xc1, 0xdb, 0x18, 0x89, 0x55, 0xf4, 0xbe, 0xf6,
    0xa3, 0x44, 0x1a, 0x72, 0xda, 0x4b, 0x5d, 0x5d, 0xaf, 0xd6, 0x29, 0x60, 0x9c, 0xfb, 0xdb, 0x31, 0x3b, 0x77, 0x30, 0x7c,
    0xf4, 0x3b, 0x6e, 0x68, 0x9a, 0xef, 0xdd, 0xae, 0x46, 0xa6, 0x8c, 0xc1, 0x7f, 0x4d, 0x03, 0xff, 0x2a, 0xf6, 0x20, 0x8e,
    0xe9, 0x61, 0xd2, 0x92, 0xd1, 0x11, 0xa4, 0x29, 0x84, 0x71, 0xe7, 0xdc, 0x88, 0xa3, 0xbf, 0x9b, 0x71, 0xeb, 0xce, 0x77,
    0xd4, 0x52, 0xfb, 0x9d, 0x7b, 0xc3, 0xc3, 0xe9, 0x37, 0xa9, 0x1d, 0xda, 0x9b, 0x34, 0xca, 0x57, 0x05, 0x3a, 0xd8, 0xd0,
    0xf0, 0xdf, 0x3d, 0xa7, 0x23, 0x30, 0x05, 0xc0, 0x25, 0xd3, 0xca, 0xe8, 0x41, 0x7a, 0x53, 0x53, 0x84, 0x3a, 0xfa, 0xd0,
    0x73, 0xda, 0x4b, 0xdd, 0x28, 0xd2, 0x24, 0x7e, 0x13, 0xb0, 0x46, 0xd7, 0x3e, 0x77, 0x84, 0x8d, 0x8f, 0xfe, 0xc6, 0x8d,
    0x3a, 0x2c, 0x6a, 0xfd, 0x25, 0x07, 0xcd, 0x67, 0x46, 0xe2, 0xbf, 0x13, 0xc2, 0xc7, 0xe8, 0xac, 0x88, 0xc7, 0x36, 0xcc,
    0x37, 0x95, 0xdc, 0x43, 0xb5, 0xf9, 0x76, 0xd3, 0xb5, 0x80, 0xa3, 0x96, 0xda, 0x0f, 0x4f, 0xc3, 0xc3, 0xe9, 0x62, 0x64,
    0xff, 0xb4, 0xea, 0x69, 0x67, 0x92, 0x96, 0x3f, 0x47, 0x98, 0xf8, 0xef, 0x9e, 0xd3, 0xe5, 0x48, 0x4a, 0x98, 0x64, 0x29,
    0xd3, 0x72, 0x53, 0x5f, 0xe6, 0xac, 0xd5, 0x33, 0x02, 0xff, 0x23, 0xf0, 0x1a, 0x8d, 0x6c, 0xe6, 0x95, 0xc7, 0x1c, 0x00,
    0xbf, 0x3a, 0xea, 0xa2, 0xfc, 0xf3, 0xd1, 0xdf, 0xb8, 0x31, 0x93, 0x65, 0xf8, 0x5e, 0x40, 0xd6, 0xf7, 0x70, 0xf2, 0x3f,
    0x7f, 0x9a, 0xf1, 0x3f, 0x7c, 0x8c, 0xe6, 0xd9, 0xf7, 0xcf, 0x53, 0x86, 0x04, 0xde, 0xb1, 0x38, 0x5a, 0x05, 0xba, 0xf7,
    0x94, 0x70, 0x3b, 0xf7, 0x86, 0x87, 0xd3, 0xdd, 0xe8, 0x77, 0x77, 0xb7, 0x94, 0x35, 0xa6, 0xb2, 0x7b, 0xc2, 0xc2, 0x7f,
    0x2f, 0x9c, 0xee, 0x49, 0xd7, 0xa9, 0x69, 0x29, 0xd3, 0x6d, 0xea, 0x9d, 0x33, 0x28, 0xff, 0x8b, 0x91, 0x35, 0x7b, 0xb8,
    0x69, 0xa5, 0xf3, 0x2f, 0x80, 0x01, 0x61, 0xe3, 0xa3, 0xbf, 0x71, 0x23, 0x3f, 0xf5, 0x8f, 0xfe, 0x86, 0x8e, 0xae, 0x7e,
    0x58, 0xf8, 0x58, 0x89, 0xae, 0xfd, 0x68, 0x1a, 0xb1, 0x3f, 0x9c, 0x8c, 0x36, 0xaf, 0xe6, 0xca, 0xa3, 0x3a, 0x6a, 0xa1,
    0x1e, 0xf9, 0xb9, 0x2c, 0x15, 0x7a, 0xc8, 0xc0, 0xd1, 0xe3, 0xce, 0x2b, 0x4f, 0xc3, 0xc5, 0xe9, 0x51, 0xb4, 0x02, 0x2f,
    0x12, 0xd0, 0xe7, 0xaf, 0x1a, 0xfe, 0x40, 0xa1, 0xe6, 0xbf, 0x17, 0x4e, 0x8f, 0xa5, 0xd9, 0x34, 0x86, 0xe3, 0x87, 0x35,
    0x38, 0x83, 0xf2, 0x3f, 0x02, 0x8b, 0xc9, 0xab, 0x20, 0x45, 0x37, 0xd3, 0x8e, 0x74, 0x41, 0x25, 0xc2, 0xc6, 0x47, 0x7f,
    0xe3, 0x46, 0x4f, 0xe3, 0xa9, 0xb2, 0xe2, 0x24, 0x80, 0x0f, 0xc2, 0xc4, 0xc9, 0x5f, 0xc8, 0x57, 0x2f, 0xbd, 0x72, 0xe3,
    0x84, 0x8e, 0xd1, 0xba, 0xbe, 0x7d, 0x2e, 0x7e, 0x37, 0x69, 0x17, 0x20, 0xac, 0xad, 0xaf, 0xc8, 0x9a, 0x5b, 0xac, 0x97,
    0x1f, 0x61, 0x02, 0x67, 0x0d, 0xe8, 0x85, 0xa7, 0xe1, 0xe2, 0xf4, 0xa7, 0xcc, 0x47, 0xd0, 0x0a, 0x58, 0x66, 0xb1, 0x50,
    0xf2, 0xdf, 0x0b, 0xa7, 0x17, 0x01, 0xf8, 0xdb, 0xb6, 0xc6, 0x4e, 0xe2, 0xfa, 0x1e, 0x66, 0x14, 0xfe, 0xb7, 0xb0, 0xbc,
    0x13, 0xad, 0x75, 0x57, 0x84, 0x8d, 0x8f, 0xfe, 0xc6, 0x8d, 0x48, 0xec, 0x02, 0xb0, 0x9c, 0xfd, 0x35, 0x92, 0xd6, 0x0e,
    0xe1, 0x91, 0xd2, 0xef, 0xc3, 0x5f, 0x00, 0x0e, 0x61, 0x70, 0x1a, 0x6a, 0x01, 0xc2, 0xc1, 0xe8, 0x08, 0xf4, 0x47, 0x32,
    0xc9, 0xa8, 0xbb, 0x11, 0x8f, 0xc9, 0x18, 0x87, 0xd1, 0xa4, 0x6b, 0xe0, 0xd7, 0x2e, 0x80, 0xb3, 0x01, 0x3e, 0xca, 0xe3,
    0x04, 0x3a, 0x20, 0x2f, 0x3c, 0x0d, 0x17, 0xa7, 0xbf, 0xe6, 0xd6, 0xd5, 0x30, 0x3d, 0x2c, 0xfc, 0xf7, 0xc2, 0xe9, 0x6f,
    0xb9, 0x9a, 0x94, 0xd3, 0xdc, 0x96, 0xcf, 0x28, 0xfc, 0x8f, 0xc6, 0x6f, 0x00, 0x93, 0x43, 0x73, 0x53, 0xab, 0xb7, 0x0b,
    0x1b, 0x1f, 0xfd, 0x8d, 0x1b, 0x4d, 0xe8, 0xe9, 0x1f, 0x60, 0x7f, 0x55, 0xa4, 0x9e, 0xfd, 0x7c, 0x98, 0xb8, 0x58, 0x0c,
    0x47, 0xe9, 0x6e, 0xb1, 0x69, 0xc2, 0xfc, 0x70, 0x31, 0xba, 0x11, 0xf5, 0xcf, 0xcd, 0x16, 0xbd, 0xce, 0x7e, 0xc9, 0xb5,
    0x87, 0xd2, 0x9d, 0x87, 0x91, 0x14, 0x98, 0x1d, 0x6d, 0xa9, 0x17, 0xec, 0xe5, 0x8c, 0x81, 0x5e, 0x78, 0x1a, 0x2e, 0x4e,
    0xcf, 0x06, 0xf0, 0xa7, 0xa7, 0x56, 0x0e, 0x8e, 0xff, 0x5e, 0x38, 0xad, 0x65, 0xa1, 0x3b, 0x6b, 0x5b, 0xe7, 0x25, 0x73,
    0xfd, 0xf5, 0xd3, 0x92, 0xff, 0x83, 0x24, 0xfc, 0xd7, 0xaf, 0x94, 0x40, 0x0c, 0xee, 0x48, 0x6d, 0x1b, 0x13, 0x26, 0x3e,
    0xfa, 0x1d, 0x37, 0x3e, 0x01, 0xf0, 0x87, 0x69, 0xc7, 0xd3, 0x37, 0xd2, 0x6c, 0xff, 0xc1, 0xa0, 0x2e, 0xad, 0x00, 0xae,
    0xb8, 0xd8, 0xe3, 0x15, 0x0a, 0x84, 0x8f, 0xd1, 0xa3, 0xe9, 0x0d, 0x55, 0xb2, 0x48, 0x5e, 0x49, 0x12, 0xfe, 0xe7, 0xc5,
    0x4a, 0x3a, 0xe3, 0x5f, 0x6c, 0x20, 0xfd, 0x8f, 0xe6, 0x0d, 0x5c, 0x89, 0x53, 0xcf, 0x0b, 0x4f, 0xc3, 0xc5, 0xe9, 0x21,
    0xae, 0xb5, 0x15, 0xa1, 0xe1, 0xbf, 0x17, 0x4e, 0x8f, 0xe4, 0x3c, 0x5b, 0x71, 0x2a, 0x7b, 0x35, 0xcd, 0x38, 0xad, 0xd7,
    0x7d, 0xdd, 0x52, 0xf6, 0xbe, 0x94, 0xff, 0xc5, 0x49, 0x07, 0xf8, 0x34, 0xd3, 0x48, 0x8f, 0x0d, 0x1b, 0x1f, 0xfd, 0x8d,
    0x1b, 0x45, 0x71, 0x19, 0xc0, 0x68, 0x53, 0xc9, 0x93, 0x2e, 0xbc, 0xb5, 0xfc, 0x41, 0xdb, 0xab, 0xb7, 0x2e, 0x40, 0x66,
    0x0d, 0x17, 0xc2, 0xc9, 0xe8, 0x95, 0xb4, 0x97, 0xd1, 0xba, 0xc7, 0x00, 0xd2, 0xb5, 0x45, 0x14, 0xfa, 0xe0, 0x30, 0xbd,
    0x11, 0x4d, 0x42, 0x9b, 0x23, 0xf0, 0x2d, 0xf5, 0xc2, 0xd3, 0x70, 0x71, 0xba, 0x93, 0x69, 0x6f, 0x5b, 0x5a, 0xf0, 0xdf,
    0x0b, 0xa7, 0xbb, 0x52, 0xf9, 0x5d, 0x01, 0x3b, 0x5e, 0xb4, 0xcf, 0xc3, 0x69, 0xc6, 0xe9, 0x68, 0xb2, 0x57, 0x4c, 0xb3,
    0x94, 0xad, 0x97, 0xf2, 0x5f, 0xdf, 0xf9, 0xf2, 0x25, 0x0a, 0xd1, 0x99, 0x55, 0xc2, 0xc6, 0x47, 0x7f, 0xe3, 0x46, 0x3f,
    0x5b, 0xcf, 0xcf, 0x89, 0x33, 0x2e, 0xf6, 0x4b, 0x78, 0x47, 0x09, 0xea, 0xff, 0xcf, 0xa6, 0xd1, 0xaa, 0x3f, 0x9c, 0x8c,
    0x5e, 0x60, 0x48, 0x74, 0x29, 0xef, 0x4c, 0xdf, 0xd5, 0xf7, 0xb5, 0xe3, 0xee, 0x2c, 0xa0, 0x8b, 0xa4, 0x9f, 0x78, 0xe1,
    0x69, 0xb8, 0x38, 0x9d, 0x07, 0x7f, 0x9a, 0xa4, 0xc8, 0x14, 0xcf, 0xed, 0x9f, 0x30, 0x54, 0xb8, 0x66, 0x0b, 0x8e, 0xff,
    0x5e, 0x38, 0x5d, 0x80, 0x7a, 0x66, 0x9c, 0x6d, 0xdf, 0xe8, 0x1f, 0x9c, 0x67, 0x0b, 0x1f, 0xa7, 0x0f, 0x05, 0xbc, 0xe9,
    0x06, 0x6c, 0x65, 0x99, 0x4d, 0xb2, 0x2f, 0x47, 0xd3, 0xd5, 0x68, 0xbb, 0x3e, 0x7e, 0x08, 0x1b, 0x1f, 0xfd, 0x8d, 0x1b,
    0xba, 0x87, 0x52, 0x12, 0xf6, 0x58, 0x70, 0x81, 0xbc, 0xc9, 0x0a, 0x84, 0xc5, 0xfe, 0x5f, 0x22, 0x8d, 0xf8, 0x1f, 0x4e,
    0x46, 0xeb, 0x72, 0x64, 0x5f, 0x66, 0xd5, 0xb9, 0x19, 0x3b, 0xb1, 0x96, 0xf4, 0x58, 0xa7, 0x1c, 0x7c, 0x70, 0xa7, 0xe3,
    0x32, 0xba, 0x49, 0xfc, 0xf4, 0xbd, 0xf0, 0x34, 0x7c, 0x9c, 0xee, 0x4d, 0x57, 0x9e, 0xc0, 0x66, 0x92, 0x2c, 0xb8, 0x93,
    0xd6, 0x2c, 0x93, 0xc2, 0x34, 0xff, 0x7b, 0xe1, 0xb4, 0x3e, 0x83, 0x27, 0xa3, 0x8f, 0xd1, 0x7b, 0x87, 0xd3, 0x95, 0x9f,
    0xe7, 0xea, 0xdd, 0xc2, 0xc5, 0xe9, 0xc5, 0xf4, 0x0c, 0x0f, 0x1b, 0x16, 0xf7, 0x43, 0xe4, 0x83, 0x2e, 0xdb, 0xd7, 0x1f,
    0x4d, 0x9a, 0x67, 0x8d, 0x9f, 0xdd, 0x1c, 0x23, 0x90, 0xf8, 0xe5, 0xa3, 0xbf, 0x71, 0xa3, 0xa5, 0x45, 0x37, 0x66, 0xfd,
    0xf4, 0xca, 0xd4, 0xfe, 0x7f, 0xe1, 0x64, 0x74, 0x7e, 0x9c, 0xa2, 0xfa, 0xc7, 0xb1, 0x08, 0xc7, 0x68, 0xbf, 0x75, 0x5e,
    0x3c, 0x4c, 0x25, 0xbb, 0x31, 0x46, 0x1a, 0x09, 0x26, 0x0e, 0xa7, 0x71, 0x49, 0xb8, 0x02, 0xf2, 0xc2, 0xd3, 0xf0, 0x71,
    0x3a, 0x3b, 0xf3, 0x94, 0x3a, 0x85, 0x2f, 0xb0, 0x82, 0xe9, 0x2b, 0xd6, 0x48, 0x22, 0xe2, 0x04, 0xeb, 0xff, 0xe7, 0x9e,
    0xd3, 0x9a, 0x06, 0x7d, 0x19, 0x1d, 0x3d, 0x80, 0x79, 0x58, 0x86, 0xdf, 0xe9, 0xfb, 0x3c, 0x81, 0x36, 0x29, 0x5c, 0x9c,
    0xae, 0x49, 0x72, 0x6c, 0x32, 0x0e, 0x61, 0x05, 0x76, 0x21, 0x09, 0x53, 0xf0, 0xa8, 0xa3, 0x4e, 0x7b, 0x10, 0xf3, 0xd0,
    0xce, 0xe7, 0xb8, 0x13, 0xda, 0x1f, 0x1f, 0xfd, 0x8e, 0x1b, 0xcb, 0x48, 0xfb, 0xd2, 0x18, 0xb7, 0x05, 0x40, 0x8b, 0x10,
    0xb1, 0xcb, 0x53, 0x0c, 0xa1, 0x8c, 0xc6, 0xff, 0xf0, 0x32, 0xba, 0x2a, 0x36, 0xb2, 0xb7, 0x72, 0x04, 0x71, 0xb8, 0x8e,
    0x7a, 0xe6, 0x74, 0xd2, 0x5a, 0x1f, 0x73, 0xd4, 0x4a, 0xea, 0xba, 0x20, 0xf1, 0x1e, 0x69, 0xb7, 0x3c, 0x0d, 0x27, 0xa7,
    0x1f, 0xc1, 0x2e, 0x16, 0x87, 0xe5, 0x5f, 0x7c, 0x89, 0x37, 0xd8, 0xbe, 0xf8, 0xf0, 0xf0, 0xdf, 0x0b, 0xa7, 0x35, 0x2d,
    0x77, 0x0f, 0xfc, 0xca, 0x6c, 0x3a, 0x89, 0xd8, 0x6d, 0xf2, 0x7f, 0x4c, 0x3b, 0x4e, 0xb7, 0x21, 0xb6, 0x69, 0x9f, 0xdf,
    0x30, 0x1e, 0xd1, 0x68, 0x43, 0xdf, 0x0b, 0x4b, 0x77, 0xa1, 0x25, 0xb9, 0xda, 0xf5, 0xe3, 0x97, 0x8f, 0xfe, 0xc6, 0x8d,
    0x52, 0xf4, 0x54, 0x53, 0x84, 0x5e, 0x59, 0xb7, 0x67, 0x62, 0xfe, 0x87, 0x9f, 0xd1, 0x45, 0xd0, 0x20, 0x60, 0x97, 0x6e,
    0x36, 0x14, 0x96, 0xbc, 0xa3, 0x5b, 0xd1, 0x1a, 0x3d, 0x71, 0x00, 0x67, 0x25, 0x6c, 0xf2, 0xc2, 0xd3, 0x70, 0x72, 0x5a,
    0xff, 0x35, 0x55, 0x51, 0xcd, 0xc5, 0x0e, 0xc4, 0x16, 0x41, 0xeb, 0x8b, 0xdd, 0x73, 0x3a, 0x75, 0x97, 0x5b, 0x6d, 0x54,
    0x75, 0xd8, 0x29, 0x1c, 0x4e, 0x4e, 0x47, 0xa2, 0x18, 0x1a, 0xa2, 0xb8, 0x87, 0xbd, 0x28, 0xda, 0xb3, 0xd4, 0x76, 0xa8,
    0xe5, 0x9f, 0x8f, 0xfe, 0xc6, 0x8d, 0x61, 0x1c, 0xdf, 0xcb, 0x94, 0x98, 0x32, 0x5a, 0x14, 0xb4, 0x39, 0x99, 0x7a, 0xff,
    0x4f, 0xf8, 0x19, 0xed, 0x0d, 0x93, 0xe8, 0x49, 0xe6, 0xe3, 0x7e, 0xc7, 0x38, 0x5d, 0xee, 0x79, 0x1a, 0x2e, 0x4e, 0xa7,
    0x07, 0xdc, 0x70, 0xda, 0x1b, 0xc2, 0xcb, 0x69, 0x2f, 0xe3, 0x9b, 0xe6, 0xe5, 0xf0, 0x85, 0x63, 0x3d, 0xbf, 0x7c, 0xf4,
    0x37, 0x6e, 0x64, 0xa5, 0x28, 0x8f, 0x5b, 0x04, 0xd7, 0x9c, 0x4b, 0xbb, 0xb2, 0x0a, 0x86, 0xb0, 0x15, 0x9e, 0xa5, 0x67,
    0x49, 0xdb, 0xbe, 0x17, 0x5e, 0x46, 0x7b, 0x43, 0x16, 0x0f, 0x5e, 0x4f, 0x5e, 0x78, 0x9a, 0x91, 0x39, 0x9d, 0xde, 0x08,
    0x1f, 0xa7, 0xbd, 0xef, 0xc9, 0x6d, 0xe4, 0xb8, 0x63, 0xc5, 0x2f, 0x1f, 0xfd, 0x8d, 0x1b, 0xba, 0x3e, 0x5c, 0x14, 0x23,
    0xec, 0x2e, 0x3a, 0xda, 0x3b, 0x84, 0xad, 0xf0, 0x31, 0xd9, 0xe3, 0x55, 0x9f, 0x54, 0xf8, 0xaf, 0x20, 0x0a, 0x79, 0x51,
    0x05, 0xef, 0x91, 0x1e, 0x6e, 0xb9, 0x63, 0x6d, 0xbf, 0x7c, 0xf4, 0x3b, 0x6e, 0xac, 0x96, 0xee, 0x12, 0x8e, 0xa2, 0x48,
    0xac, 0x7b, 0x42, 0x34, 0x57, 0xc6, 0xe0, 0x31, 0xf2, 0xfd, 0x1f, 0xa0, 0x7a, 0x85, 0xc2, 0x7f, 0x06, 0xf9, 0x0c, 0x1d,
    0xdc, 0x6a, 0x17, 0x51, 0xca, 0xfc, 0xf2, 0x31, 0xad, 0xe7, 0x71, 0xef, 0x78, 0x89, 0x3c, 0x6f, 0x35, 0xdd, 0xce, 0xcd,
    0xaa, 0x57, 0x28, 0xfc, 0x67, 0x90, 0x1b, 0xbb, 0x70, 0x12, 0xab, 0xf0, 0xaa, 0xab, 0x98, 0xff, 0x7e, 0x91, 0x96, 0xf3,
    0xb8, 0x3f, 0xbc, 0x8e, 0xb3, 0xd8, 0x87, 0xfe, 0x2e, 0x22, 0x54, 0x2a, 0x28, 0x28, 0x28, 0x28, 0x28, 0x28, 0x28, 0x28,
    0x28, 0x28, 0x28, 0x28, 0x28, 0x28, 0x28, 0x28, 0x28, 0x28, 0x28, 0x28, 0x28, 0x28, 0x28, 0x28, 0x28, 0x28, 0x28, 0x28,
    0x28, 0x28, 0x28, 0x28, 0x28, 0x28, 0x28, 0x28, 0x28, 0x28, 0x28, 0x28, 0x28, 0x28, 0x28, 0x28, 0x28, 0x28, 0x28, 0x28,
    0x28, 0x28, 0x28, 0x28, 0x28, 0x28, 0xa4, 0x3d, 0x0a, 0xa0, 0x1b, 0xde, 0xc5, 0x6a, 0x9c, 0xc4, 0x39, 0xec, 0xc1, 0x57,
    0xe8, 0x87, 0xeb, 0x5d, 0x9e, 0x19, 0x89, 0x77, 0xb0, 0x0b, 0xbb, 0x1c, 0xf3, 0x07, 0xc4, 0x60, 0x15, 0x76, 0x61, 0x07,
    0xea, 0x7a, 0x7a, 0xae, 0x2c, 0xc8, 0x81, 0x1c, 0xae, 0x62, 0xe8, 0x5c, 0x87, 0x04, 0x24, 0xa0, 0x16, 0x7d, 0x9f, 0x80,
    0x04, 0x4b, 0x5e, 0x3f, 0x1e, 0xa2, 0xe9, 0xca, 0xa2, 0xa8, 0x67, 0xbf, 0x21, 0x01, 0xcf, 0xd0, 0xb7, 0xa7, 0x90, 0x80,
    0x5f, 0x1d, 0xef, 0x1e, 0x45, 0x57, 0xf3, 0x96, 0x3d, 0xe9, 0x1b, 0x24, 0x60, 0x08, 0x7d, 0x6b, 0x4a, 0xcf, 0xee, 0x2e,
    0xff, 0xea, 0xa7, 0xd8, 0x85, 0x5f, 0x84, 0x39, 0xbf, 0x45, 0xd0, 0x9e, 0x2e, 0xbb, 0xcb, 0xba, 0xe3, 0x90, 0x80, 0x78,
    0xfa, 0x96, 0xdf, 0xd4, 0xa6, 0x72, 0x3c, 0x88, 0x04, 0x23, 0x5b, 0xd0, 0x66, 0x24, 0xe0, 0x45, 0x17, 0xe7, 0x44, 0xa3,
    0x02, 0xda, 0xa2, 0x3d, 0x6e, 0x0a, 0x78, 0xbf, 0xc5, 0xd0, 0x1a, 0xed, 0x51, 0x59, 0x12, 0x31, 0x31, 0x15, 0xd9, 0x71,
    0x0f, 0x5e, 0xc4, 0x34, 0xac, 0xc7, 0x2f, 0xd8, 0x88, 0x2f, 0x11, 0x2f, 0xc0, 0x04, 0xe9, 0x35, 0x2a, 0xa0, 0x82, 0x11,
    0xdf, 0xec, 0x7a, 0x54, 0xe0, 0xc4, 0xc2, 0x2f, 0x85, 0x0a, 0x28, 0xca, 0xbe, 0xe7, 0xa4, 0xfa, 0x59, 0x24, 0x7d, 0x21,
    0x1f, 0xf2, 0x05, 0x64, 0x80, 0xd0, 0x4a, 0xac, 0x91, 0x06, 0xf2, 0x22, 0x1f, 0x27, 0xee, 0x54, 0x7d, 0x29, 0x6a, 0x85,
    0x89, 0xfd, 0xf7, 0xe3, 0x84, 0x2d, 0x3a, 0x69, 0x22, 0x26, 0xb9, 0xea, 0xcf, 0xa3, 0x29, 0x6b, 0x56, 0x47, 0x17, 0x35,
    0xf3, 0x53, 0xcc, 0x93, 0x7f, 0x50, 0xc3, 0xf5, 0x73, 0xdd, 0x40, 0x39, 0x1a, 0xb5, 0x18, 0x2a, 0x79, 0x1d, 0xeb, 0x5e,
    0x4f, 0x35, 0xf5, 0x48, 0x8e, 0x93, 0xa4, 0x39, 0x7f, 0x22, 0x28, 0xfe, 0xd2, 0xcf, 0x54, 0xff, 0x90, 0x20, 0x06, 0xd5,
    0x71, 0x23, 0x5f, 0x67, 0x17, 0x8a, 0x0e, 0xe8, 0x34, 0x4a, 0x7d, 0x4a, 0x57, 0x3b, 0x8f, 0x06, 0x1e, 0x5a, 0x5d, 0x8b,
    0x82, 0xf8, 0x26, 0x7d, 0xbb, 0x9b, 0xce, 0x76, 0xc7, 0xff, 0x5c, 0x98, 0x4c, 0xf9, 0xc5, 0xbc, 0x64, 0x02, 0x1a, 0x45,
    0xd7, 0xbf, 0xea, 0x22, 0x7e, 0xa7, 0x86, 0x89, 0x00, 0x56, 0xb2, 0x59, 0x01, 0x2e, 0xa2, 0x63, 0x6a, 0x78, 0x98, 0xa2,
    0xba, 0xeb, 0xdf, 0xb7, 0x03, 0x78, 0xd9, 0xb1, 0xc5, 0x5e, 0xa3, 0xe8, 0x3b, 0xfa, 0xe7, 0x02, 0x3e, 0x43, 0x21, 0x2a,
    0xef, 0x65, 0xea, 0x89, 0x97, 0x31, 0xc6, 0x21, 0xea, 0x60, 0x23, 0xec, 0x91, 0xc4, 0xd7, 0x35, 0x7f, 0xb6, 0x4a, 0x9e,
    0x64, 0x39, 0x65, 0x02, 0x2f, 0xc4, 0xae, 0xa8, 0xe5, 0x6a, 0x1c, 0xc2, 0x6d, 0x93, 0x33, 0xa8, 0x46, 0xdf, 0x4b, 0x53,
    0xc4, 0x9c, 0x0f, 0x84, 0x3b, 0xf7, 0x4b, 0xd2, 0x1d, 0x67, 0x58, 0x46, 0x04, 0xed, 0xb3, 0xd0, 0x52, 0xeb, 0x3c, 0xe5,
    0xdc, 0x0a, 0x3c, 0x57, 0xfe, 0x39, 0x15, 0x06, 0xee, 0x67, 0xa7, 0xfc, 0x44, 0x5a, 0xf6, 0xbf, 0x4f, 0xf0, 0x2a, 0x5a,
    0xa0, 0x25, 0x46, 0xe1, 0x47, 0x8a, 0x5b, 0xa8, 0x65, 0xb1, 0x77, 0xe2, 0xdd, 0x1b, 0x54, 0xab, 0xb4, 0xeb, 0xbb, 0x75,
    0xc0, 0x69, 0x9c, 0x72, 0x19, 0x6d, 0xa4, 0x04, 0x45, 0x48, 0x38, 0x4c, 0xf1, 0x82, 0xbf, 0x75, 0xcc, 0xa8, 0x93, 0x17,
    0x53, 0x31, 0x15, 0x37, 0xd0, 0xf7, 0xc7, 0x30, 0x55, 0x18, 0x77, 0x45, 0x1f, 0x8d, 0x37, 0x53, 0x96, 0x2e, 0x6d, 0x74,
    0xf9, 0x85, 0xbd, 0xf9, 0x40, 0xc6, 0x4c, 0x65, 0xd1, 0x19, 0x1b, 0x61, 0x2a, 0xde, 0x72, 0x98, 0xc7, 0xe2, 0xa8, 0xf7,
    0xef, 0xa0, 0xd1, 0xad, 0x9a, 0xeb, 0xb6, 0xe8, 0x8b, 0xa9, 0xb8, 0x8f, 0xbe, 0xdd, 0x4c, 0xcf, 0xee, 0x3e, 0x12, 0x44,
    0x2b, 0x92, 0xd3, 0xdc, 0x66, 0x9f, 0x1f, 0x46, 0xdc, 0xdf, 0x42, 0x8c, 0x6a, 0xe1, 0xa2, 0xfe, 0xa3, 0x98, 0xca, 0x62,
    0x53, 0xe7, 0x32, 0xb5, 0xa9, 0x1c, 0x35, 0x31, 0x15, 0xef, 0xb1, 0xef, 0x83, 0x30, 0x15, 0x77, 0x3b, 0xcc, 0x04, 0x9b,
    0xa8, 0x7f, 0x7d, 0x8f, 0x77, 0x31, 0x0c, 0x9f, 0x11, 0xe7, 0x7e, 0x45, 0x35, 0x4c, 0x63, 0xa5, 0x6f, 0x63, 0x38, 0x96,
    0x53, 0x64, 0xde, 0x2d, 0xc2, 0xa8, 0xa0, 0xd9, 0xf1, 0x1e, 0x45, 0x26, 0x4e, 0xc4, 0x1a, 0x4c, 0xc4, 0x73, 0x78, 0x00,
    0xcf, 0xb1, 0xb3, 0xfb, 0x71, 0xd0, 0x59, 0x28, 0xbd, 0x7e, 0x40, 0x6f, 0xad, 0x32, 0xfd, 0x55, 0x85, 0xe2, 0xe1, 0xcc,
    0xe6, 0xbc, 0x89, 0x2c, 0x14, 0xc9, 0xf7, 0x18, 0x6b, 0x8b, 0xfa, 0x34, 0x76, 0x8d, 0x0a, 0x03, 0xff, 0x97, 0x4a, 0x31,
    0x3b, 0x0c, 0xfc, 0x1f, 0xc4, 0x62, 0xbc, 0xd7, 0x0d, 0xe0, 0xde, 0x11, 0x2a, 0x7f, 0xcf, 0x61, 0x7e, 0x9e, 0x8a, 0x17,
    0x5c, 0xce, 0x5b, 0xa9, 0x92, 0xd4, 0x84, 0x80, 0xec, 0x6f, 0x7c, 0x14, 0xc3, 0x3e, 0x24, 0x60, 0x38, 0x72, 0xa1, 0x20,
    0x3e, 0x40, 0x32, 0x56, 0x84, 0x2c, 0x37, 0x69, 0x1e, 0x6c, 0x42, 0x12, 0x26, 0xa1, 0x00, 0x72, 0x61, 0x0c, 0x92, 0xf0,
    0x23, 0xf2, 0x04, 0x71, 0xb5, 0x28, 0x7c, 0x48, 0x51, 0xe4, 0xca, 0x23, 0x0a, 0xcf, 0xe3, 0x5f, 0x9c, 0xb0, 0x64, 0x36,
    0x0c, 0x17, 0x0a, 0xe3, 0x1d, 0x8c, 0x70, 0x55, 0xf3, 0x75, 0xca, 0x6e, 0x55, 0x9b, 0xe2, 0x51, 0x9d, 0xc0, 0x05, 0xc7,
    0x68, 0x97, 0x69, 0x81, 0xd1, 0xc4, 0xdb, 0xd4, 0x11, 0xba, 0x36, 0x65, 0xc5, 0xd6, 0xb3, 0x30, 0xf6, 0x34, 0x4a, 0xef,
    0xa4, 0x71, 0x61, 0xb4, 0xe0, 0x1a, 0x43, 0x58, 0xcc, 0xf8, 0x54, 0xe9, 0xa4, 0x28, 0x95, 0x4c, 0xf4, 0xf4, 0x24, 0x23,
    0x29, 0x13, 0x47, 0x23, 0xd6, 0x9b, 0x8f, 0xd2, 0x9b, 0xe4, 0xaf, 0x3b, 0x72, 0x62, 0x03, 0xc5, 0xeb, 0xd1, 0x67, 0x8b,
    0xd6, 0x14, 0xdd, 0xf9, 0xe5, 0x90, 0xf3, 0x3f, 0xad, 0x51, 0x96, 0xda, 0x78, 0x1f, 0x87, 0x01, 0xd5, 0x71, 0x8e, 0x32,
    0x97, 0x54, 0x4e, 0xa7, 0x27, 0xeb, 0x8a, 0x09, 0xb8, 0xd1, 0xf8, 0xeb, 0x2e, 0x4c, 0xe5, 0xe4, 0xe5, 0xd7, 0xf1, 0x8a,
    0x70, 0xd5, 0xa7, 0xa1, 0x0e, 0x47, 0x56, 0x9d, 0x6c, 0x8a, 0xc9, 0x5a, 0x0b, 0x53, 0x8c, 0xdc, 0xac, 0x56, 0x34, 0xa1,
    0xf3, 0x9d, 0x66, 0xd9, 0xba, 0x98, 0x8a, 0xb6, 0xa6, 0x77, 0x3f, 0xd6, 0xd5, 0xda, 0x57, 0x5b, 0x81, 0x74, 0xc3, 0x78,
    0x7c, 0x89, 0xa3, 0xb8, 0x80, 0x7d, 0xf8, 0x1a, 0xaf, 0xbb, 0x9a, 0x67, 0xbd, 0x42, 0x1b, 0xa1, 0xbb, 0x18, 0x23, 0x74,
    0x3e, 0x0c, 0x97, 0xc8, 0x32, 0x63, 0x10, 0x8f, 0x59, 0xdc, 0x23, 0x65, 0xa8, 0x25, 0xec, 0x79, 0xff, 0x8a, 0x63, 0x19,
    0xe2, 0x85, 0x99, 0x73, 0x07, 0xd0, 0x59, 0xb7, 0x70, 0x66, 0x80, 0x4b, 0xb6, 0x9c, 0x1b, 0xdd, 0x99, 0x84, 0xbb, 0xdf,
    0x52, 0x3a, 0x94, 0xd6, 0x54, 0xbc, 0xac, 0x4c, 0x15, 0x29, 0x7e, 0xee, 0x37, 0x96, 0xf8, 0x5d, 0xde, 0xf9, 0xff, 0x22,
    0xf5, 0xf0, 0xfb, 0xd8, 0x88, 0xba, 0x87, 0xa4, 0x87, 0x5c, 0x12, 0x1d, 0x99, 0x96, 0x25, 0x7b, 0x13, 0xab, 0xf1, 0x14,
    0x92, 0x91, 0x8c, 0x27, 0x32, 0xb9, 0xde, 0x6f, 0x29, 0xb5, 0xd9, 0x83, 0xdc, 0x63, 0x6d, 0x30, 0x94, 0x2b, 0xcd, 0x7a,
    0xe5, 0x9b, 0xd7, 0xfa, 0x5e, 0x11, 0x27, 0x5d, 0x33, 0xb5, 0xf1, 0x7d, 0xdd, 0x0e, 0x74, 0xfe, 0x7d, 0x61, 0x69, 0xf7,
    0x87, 0x69, 0xc6, 0xb3, 0x7e, 0xae, 0x62, 0x81, 0x30, 0x2f, 0xbc, 0x77, 0x6e, 0x7a, 0xc7, 0x0f, 0xb4, 0xda, 0xe2, 0x1d,
    0xa9, 0xca, 0xc9, 0xd9, 0xab, 0xe3, 0x5d, 0x41, 0x46, 0x50, 0x6d, 0xdd, 0x74, 0xd5, 0x36, 0xe7, 0xe9, 0xe8, 0xc1, 0xc9,
    0x4b, 0x92, 0x97, 0xc6, 0x04, 0x60, 0x98, 0xa5, 0xb4, 0x3c, 0x95, 0xf1, 0xb2, 0x32, 0xad, 0x26, 0x79, 0xc1, 0xaa, 0x99,
    0xf0, 0xca, 0xff, 0xc7, 0xe8, 0x09, 0x75, 0x2d, 0x4f, 0x2c, 0xfd, 0xfa, 0x5d, 0x0e, 0x71, 0xf5, 0x4b, 0x51, 0x16, 0xa4,
    0x15, 0x4c, 0x42, 0xe8, 0x47, 0xab, 0xe6, 0x56, 0x99, 0x98, 0xfd, 0x31, 0x24, 0xc5, 0x6c, 0xf4, 0x18, 0x83, 0xd0, 0x2b,
    0xdf, 0xbc, 0xd6, 0xf7, 0x3a, 0x5e, 0xe8, 0xd7, 0x1f, 0xc0, 0x5d, 0xf7, 0xf5, 0x43, 0x79, 0xc1, 0xaf, 0x70, 0x9e, 0xdd,
    0xdd, 0xf1, 0xdf, 0xfb, 0x3c, 0x9e, 0x1b, 0x4b, 0xe8, 0xca, 0x09, 0x98, 0x83, 0x57, 0xd1, 0x0a, 0x8d, 0xd1, 0x03, 0x53,
    0x48, 0xe3, 0xa8, 0xe9, 0x23, 0xab, 0x86, 0x88, 0x9b, 0xde, 0x47, 0x0c, 0x3f, 0xfc, 0x8f, 0xa5, 0x4c, 0x1e, 0x27, 0x6d,
    0xb9, 0xec, 0xb2, 0x61, 0x17, 0x80, 0xbf, 0x29, 0xbb, 0x4b, 0x20, 0xde, 0xe6, 0x66, 0xfb, 0xda, 0x4b, 0xa5, 0x55, 0x02,
    0x56, 0xe7, 0x67, 0xb8, 0xda, 0x38, 0x9d, 0xe9, 0xf3, 0xb9, 0xa5, 0xee, 0xf9, 0xaf, 0xcd, 0xe6, 0x5f, 0xb1, 0xef, 0x0f,
    0xb9, 0xcc, 0xab, 0xd5, 0x9e, 0xea, 0xd5, 0x63, 0x7f, 0x6d, 0x21, 0xcd, 0x54, 0xe6, 0xe5, 0x7f, 0x25, 0xfa, 0x35, 0xc3,
    0x7d, 0xcd, 0xb7, 0xee, 0xf9, 0xe6, 0xaf, 0xbe, 0xd7, 0xf1, 0x25, 0x6b, 0xc8, 0x67, 0x77, 0x37, 0xfc, 0xf7, 0x3a, 0x8f,
    0x6b, 0x18, 0x4b, 0xb5, 0x7e, 0x0e, 0xe8, 0xeb, 0x85, 0x28, 0x2f, 0x9e, 0xb6, 0x16, 0x8b, 0x0d, 0x09, 0xff, 0xd3, 0xe2,
    0x0c, 0xdd, 0x76, 0x99, 0x1c, 0xb0, 0xda, 0xd5, 0x30, 0x98, 0xce, 0xe0, 0x5b, 0x85, 0x16, 0x02, 0x38, 0xcd, 0xb1, 0x86,
    0xea, 0x99, 0x38, 0xad, 0x48, 0x26, 0x4d, 0x7b, 0x60, 0xdd, 0xc6, 0xdc, 0xc8, 0xda, 0x5e, 0xf9, 0xff, 0x00, 0x69, 0xb9,
    0x7b, 0xb1, 0xd5, 0xfd, 0xb7, 0xb4, 0xfa, 0xb8, 0x4e, 0x7a, 0x46, 0x39, 0xb2, 0x4e, 0x2c, 0x62, 0xf6, 0xca, 0x21, 0x34,
    0x86, 0xdf, 0x95, 0x89, 0xf9, 0xdf, 0x96, 0x5a, 0xac, 0xb3, 0x2f, 0xfe, 0x67, 0x0d, 0x73, 0x7d, 0xaf, 0xe3, 0x45, 0xda,
    0xf3, 0xdf, 0xcf, 0x3c, 0xae, 0xe9, 0x55, 0x12, 0x69, 0x9d, 0xc9, 0xb3, 0x6c, 0x4d, 0xa0, 0x73, 0x27, 0x67, 0x2a, 0xfe,
    0x47, 0x90, 0xd6, 0x3e, 0x19, 0x77, 0x9a, 0x4a, 0x6e, 0xa6, 0x9c, 0xda, 0x9f, 0x09, 0xea, 0x6b, 0x4c, 0x3b, 0x68, 0x2b,
    0xfd, 0x8c, 0xcb, 0x7f, 0x0d, 0x2b, 0x6c, 0x75, 0xf5, 0x8c, 0x55, 0xcd, 0x05, 0x52, 0x41, 0x2d, 0x1b, 0x6e, 0x15, 0x3c,
    0x49, 0x17, 0x5a, 0xc3, 0x77, 0x64, 0xba, 0x91, 0xad, 0x00, 0xb6, 0x49, 0x32, 0x01, 0x5f, 0x4f, 0xf6, 0xa8, 0x35, 0xcc,
    0x8f, 0xe2, 0x05, 0xd2, 0x1d, 0x3c, 0x90, 0xa9, 0x57, 0xff, 0x7d, 0x7c, 0x65, 0x13, 0x4d, 0x1b, 0xfe, 0x87, 0xaf, 0x7e,
    0xa8, 0xf8, 0xef, 0x67, 0x1e, 0x8f, 0xc0, 0x77, 0xc4, 0x96, 0xfa, 0x02, 0xbb, 0xe4, 0x5f, 0x94, 0x15, 0x26, 0x6f, 0xa6,
    0xe2, 0x7f, 0x5e, 0x5a, 0x15, 0xef, 0x37, 0x24, 0xfa, 0x28, 0xca, 0xe7, 0x7f, 0x5a, 0x98, 0xdd, 0x4b, 0xb3, 0x37, 0x9f,
    0xb3, 0x95, 0x7e, 0x4f, 0xed, 0xe2, 0xce, 0x47, 0x69, 0x0c, 0x3d, 0x4f, 0x05, 0x2e, 0xff, 0x79, 0x9f, 0x04, 0xe1, 0x95,
    0x5e, 0x35, 0xad, 0xe1, 0x8b, 0x62, 0xbf, 0xc4, 0xd2, 0x9c, 0x8f, 0x3c, 0x46, 0x36, 0x33, 0x4d, 0x79, 0x47, 0x5c, 0x45,
    0xb2, 0x24, 0x5f, 0x74, 0xe6, 0xc0, 0x60, 0x5f, 0x19, 0x62, 0x15, 0xff, 0xfd, 0xcf, 0xe3, 0xd7, 0x73, 0x2c, 0x41, 0x81,
    0x1a, 0x69, 0x9e, 0x44, 0x96, 0x91, 0xf9, 0xaf, 0xf9, 0x23, 0x68, 0x9f, 0xb7, 0x2c, 0xba, 0x7c, 0xb1, 0x54, 0xf9, 0x26,
    0x1d, 0xcf, 0x1d, 0x50, 0x7a, 0x88, 0xcb, 0x69, 0x3e, 0x74, 0xad, 0x63, 0x59, 0x2e, 0xff, 0xaf, 0xe0, 0x9c, 0x0d, 0x7f,
    0x39, 0xd8, 0x22, 0x2f, 0x30, 0x0e, 0x94, 0x11, 0x5a, 0x00, 0x73, 0xd2, 0x98, 0xb6, 0x8f, 0xd9, 0x22, 0x5a, 0xe1, 0x0a,
    0x80, 0x57, 0x32, 0xbd, 0xd7, 0x6f, 0x37, 0x6a, 0xb1, 0x4e, 0x8a, 0xff, 0x3e, 0x6a, 0xf8, 0x9b, 0xc7, 0x9b, 0xd0, 0x35,
    0xff, 0x27, 0xbc, 0x67, 0x15, 0x3a, 0xfe, 0x71, 0x26, 0xe3, 0x7f, 0x04, 0x66, 0x93, 0x45, 0xbf, 0x06, 0xd9, 0x04, 0xcf,
    0x50, 0x4e, 0x5d, 0xb1, 0x4e, 0xf9, 0x69, 0xba, 0x5a, 0xeb, 0x00, 0x4b, 0xa2, 0xee, 0x71, 0xd6, 0xc1, 0xd5, 0xbb, 0xd3,
    0x2d, 0x08, 0x4d, 0x83, 0x5c, 0xff, 0xa7, 0xe8, 0x18, 0x67, 0x91, 0x07, 0x50, 0x49, 0xfa, 0xab, 0x32, 0xfe, 0x06, 0x30,
    0xc9, 0x56, 0x6b, 0x9e, 0xc9, 0xfb, 0xa7, 0x32, 0x79, 0xff, 0x8c, 0xb8, 0x06, 0xbc, 0xfe, 0xdb, 0x06, 0xa1, 0xff, 0xcb,
    0x68, 0xfc, 0xaf, 0xc7, 0x59, 0xf7, 0xd5, 0x92, 0xe8, 0x73, 0x82, 0xe3, 0xbf, 0xdf, 0x79, 0xbc, 0x2b, 0x95, 0x8b, 0xbd,
    0xf0, 0x72, 0x92, 0xc6, 0x6b, 0x6d, 0xa6, 0xe3, 0x7f, 0x01, 0xd2, 0x8c, 0xfd, 0x84, 0x2c, 0x58, 0x44, 0x19, 0xef, 0x4b,
    0x49, 0x3d, 0x35, 0xff, 0x22, 0x2b, 0x9a, 0xdd, 0x0b, 0x4d, 0xf3, 0xd3, 0x35, 0x8f, 0x1b, 0x0d, 0xb0, 0x15, 0xa3, 0x39,
    0xf6, 0xff, 0xa6, 0x54, 0xb7, 0x5b, 0x48, 0xf8, 0xaf, 0x8d, 0x00, 0xd9, 0x90, 0xcd, 0xf0, 0x91, 0xc8, 0x82, 0x6c, 0x9c,
    0xbe, 0x17, 0x83, 0x6c, 0x86, 0xc7, 0x7f, 0x14, 0xd5, 0xbf, 0x16, 0x76, 0xfd, 0x14, 0x23, 0x0b, 0xe8, 0x3a, 0x5f, 0xfc,
    0x77, 0xcf, 0x37, 0x7f, 0xf5, 0xb3, 0x86, 0xc4, 0x1e, 0xd9, 0x27, 0x4c, 0xfc, 0xf7, 0x3b, 0x8f, 0xeb, 0x2b, 0xd7, 0x1b,
    0x25, 0x77, 0x3d, 0x06, 0x60, 0x6f, 0xa6, 0xe3, 0xbf, 0xa6, 0x4d, 0xd7, 0x3e, 0xf1, 0xf4, 0x6f, 0x57, 0x87, 0x37, 0xf6,
    0x32, 0xd5, 0x7a, 0xc7, 0xe0, 0xdc, 0x13, 0x64, 0xfd, 0xd7, 0x2d, 0x29, 0x71, 0x6c, 0xfd, 0x1d, 0x85, 0xda, 0xa4, 0x4b,
    0x5d, 0xcc, 0xf1, 0x2f, 0xd5, 0x3d, 0xec, 0x66, 0x86, 0x88, 0xff, 0xff, 0x65, 0xac, 0xa5, 0x36, 0x6b, 0x29, 0xf0, 0x76,
    0xd8, 0x81, 0xbe, 0x1c, 0x2d, 0x96, 0x57, 0xbe, 0xf9, 0xab, 0xef, 0x75, 0xbc, 0x38, 0xc7, 0x45, 0xaf, 0x30, 0xf1, 0xdf,
    0xef, 0x3c, 0xfe, 0x36, 0x77, 0xe5, 0x6a, 0xdd, 0x79, 0x08, 0xce, 0x7e, 0xc3, 0x8c, 0xcf, 0xff, 0x08, 0xcc, 0x37, 0x72,
    0xea, 0x46, 0x3a, 0xee, 0x39, 0xd1, 0xdf, 0xd9, 0x51, 0x2c, 0xc6, 0x02, 0xec, 0xa3, 0xef, 0x8b, 0x91, 0x0b, 0x2f, 0xd1,
    0x7c, 0x74, 0x1a, 0xab, 0xb1, 0x94, 0xe4, 0x70, 0x4d, 0xbb, 0x1a, 0xcb, 0x9d, 0xb1, 0x77, 0xd0, 0x7a, 0xa3, 0x92, 0xe2,
    0x7f, 0x90, 0x78, 0x92, 0xda, 0x6c, 0x07, 0x67, 0x37, 0x63, 0x6e, 0x6c, 0xa3, 0x63, 0x6d, 0x83, 0xe6, 0x9b, 0xbf, 0xfa,
    0x5e, 0xc7, 0x8b, 0xb4, 0x5d, 0xff, 0xfb, 0x9d, 0xc7, 0x75, 0x3f, 0x93, 0x66, 0x12, 0x8f, 0xac, 0x24, 0xf2, 0x6b, 0xcd,
    0x8c, 0xfc, 0x2f, 0x42, 0x9c, 0xbd, 0x88, 0x32, 0x2e, 0xbd, 0xef, 0x76, 0x91, 0x06, 0x55, 0xdb, 0x95, 0xb4, 0x05, 0x03,
    0xd9, 0x2c, 0x7f, 0x1f, 0xbe, 0xc1, 0x59, 0xb6, 0x27, 0x70, 0x1d, 0x46, 0x08, 0xd7, 0x11, 0xb7, 0xd3, 0xf8, 0xba, 0x54,
    0xf1, 0x3f, 0x48, 0x44, 0x62, 0x25, 0xb5, 0xda, 0xfa, 0x80, 0x96, 0x8e, 0x66, 0xf6, 0xd8, 0x79, 0xe9, 0xb6, 0x9e, 0xf7,
    0x3a, 0x5e, 0xa4, 0x2d, 0xff, 0xfd, 0xce, 0xe3, 0xa5, 0xe9, 0xbc, 0xee, 0xc2, 0xb3, 0x2a, 0xd0, 0xf1, 0x4f, 0xd2, 0x85,
    0xcd, 0x9b, 0x68, 0x1f, 0x2c, 0xef, 0x8c, 0xda, 0x74, 0xc6, 0xcb, 0xae, 0x3c, 0x88, 0x0f, 0x78, 0xda, 0x7b, 0x5a, 0x1d,
    0x35, 0x6c, 0xfb, 0xba, 0xa2, 0x50, 0x01, 0x35, 0x1d, 0xdf, 0xe7, 0x47, 0x4c, 0x6a, 0x28, 0xa4, 0xf8, 0x1f, 0x14, 0x8a,
    0xe3, 0x20, 0xb5, 0xdb, 0xdf, 0xe8, 0x8d, 0x46, 0xc8, 0x8d, 0x9c, 0x68, 0x81, 0xf1, 0x4c, 0x26, 0xdb, 0xcc, 0xdd, 0x7d,
    0xa9, 0xf4, 0xff, 0xfe, 0xe7, 0xf1, 0x08, 0x5a, 0xe5, 0x7e, 0x20, 0xdd, 0x47, 0x0f, 0xf4, 0x08, 0x01, 0x37, 0xbd, 0xf3,
    0xff, 0x03, 0x92, 0xa9, 0x63, 0x84, 0x5e, 0xaf, 0x4d, 0x42, 0xce, 0xff, 0x60, 0x50, 0x14, 0x3f, 0xd1, 0x53, 0x1d, 0xc7,
    0x6b, 0x68, 0x83, 0xd2, 0xc8, 0x85, 0x8a, 0xf4, 0xf7, 0x5c, 0x54, 0xe5, 0xa2, 0x80, 0xe2, 0xba, 0xd0, 0x83, 0xfd, 0x0b,
    0x93, 0xef, 0xea, 0x65, 0xe3, 0xfb, 0x7c, 0x81, 0x27, 0x84, 0xe2, 0xbf, 0xff, 0x79, 0x5c, 0xdf, 0x71, 0x95, 0x88, 0x9b,
    0x04, 0x91, 0x04, 0xb6, 0x93, 0x05, 0xbb, 0x70, 0x08, 0xb8, 0xe9, 0x7d, 0xc4, 0xe8, 0x44, 0xe5, 0x15, 0x05, 0x7b, 0xc4,
    0x2f, 0xb9, 0xf0, 0xcd, 0x49, 0x4b, 0xfe, 0x6b, 0x9a, 0xfa, 0x7e, 0xb4, 0x0b, 0xd0, 0xdd, 0xa7, 0xb3, 0x62, 0xba, 0x64,
    0x0f, 0xfb, 0x3d, 0x98, 0x6f, 0x6a, 0xcb, 0x4b, 0x88, 0x93, 0x78, 0x05, 0x29, 0xfe, 0xfb, 0x9f, 0xc7, 0x53, 0x6c, 0xd7,
    0x4b, 0x24, 0xda, 0x18, 0xde, 0xa8, 0xe1, 0x9d, 0x9b, 0xde, 0x47, 0x8c, 0x32, 0x54, 0x3e, 0x82, 0xb3, 0xc7, 0xe7, 0x08,
    0x57, 0x97, 0x99, 0xde, 0xfc, 0xd7, 0x3d, 0x8d, 0xdf, 0xc6, 0xe7, 0x38, 0xcc, 0x62, 0x07, 0x28, 0xfe, 0x07, 0x83, 0x68,
    0x94, 0xa0, 0x78, 0x38, 0xc5, 0x1d, 0x22, 0x7a, 0x28, 0xfe, 0xfb, 0x9f, 0xc7, 0xb5, 0x63, 0x1b, 0xe8, 0xba, 0x73, 0x6c,
    0x1e, 0x70, 0x9d, 0x29, 0xe2, 0xc2, 0x1f, 0xdc, 0xfd, 0xee, 0xde, 0xb9, 0xe9, 0x67, 0x36, 0x3f, 0x48, 0xda, 0xb8, 0x1a,
    0x01, 0xcf, 0x3b, 0xd5, 0x95, 0xf6, 0x2f, 0x7d, 0xf8, 0x9f, 0x1a, 0xd3, 0xa5, 0x14, 0x0a, 0x84, 0x2c, 0x42, 0xcc, 0x7f,
    0x15, 0x0d, 0xc8, 0xfe, 0x5a, 0xd7, 0xc1, 0x7e, 0x93, 0x31, 0xf9, 0x5f, 0x53, 0xb0, 0xee, 0xbb, 0x29, 0x4c, 0xfc, 0xf7,
    0x37, 0x8f, 0xeb, 0xbb, 0xc8, 0x8e, 0xb2, 0x58, 0x17, 0x9d, 0x50, 0x0d, 0x31, 0x88, 0x44, 0x19, 0xb4, 0xa1, 0x5d, 0x71,
    0x5a, 0xb4, 0x0b, 0x51, 0xe4, 0x2c, 0xaf, 0xdc, 0xf4, 0x33, 0x9b, 0x57, 0x21, 0xab, 0x45, 0x02, 0xde, 0xc0, 0x8d, 0x64,
    0x11, 0x2a, 0x82, 0xe6, 0x14, 0x29, 0x0d, 0x98, 0xe2, 0x2a, 0xca, 0x53, 0xfa, 0xf1, 0x5f, 0x21, 0x14, 0x68, 0x8a, 0x89,
    0x64, 0x59, 0xed, 0x15, 0x52, 0xbe, 0xf9, 0xab, 0x9f, 0x35, 0x44, 0xf1, 0x08, 0x0e, 0x85, 0x89, 0xff, 0xfe, 0xe6, 0xf1,
    0x14, 0xdd, 0xd5, 0x1a, 0x53, 0x94, 0xcb, 0x73, 0xc6, 0xf7, 0xbd, 0x9c, 0x68, 0x39, 0xfe, 0xb9, 0xe9, 0x67, 0x36, 0x2f,
    0xc3, 0x34, 0xbf, 0x9a, 0xf4, 0x72, 0xda, 0x78, 0xae, 0x37, 0x5d, 0x46, 0x88, 0x50, 0xfc, 0xbf, 0x16, 0x7c, 0x02, 0x93,
    0xb1, 0x21, 0xa4, 0x7c, 0xf3, 0x57, 0xdf, 0xeb, 0x78, 0x91, 0xd6, 0xfc, 0xf7, 0x3b, 0x8f, 0xa7, 0xf0, 0xb0, 0x05, 0x16,
    0x98, 0x34, 0x2e, 0x57, 0xb1, 0x06, 0x1d, 0x6c, 0x31, 0x31, 0x82, 0xe3, 0xa6, 0xbf, 0xd9, 0xbc, 0x08, 0x06, 0x63, 0x39,
    0xc5, 0x5c, 0xd5, 0xee, 0xb3, 0x19, 0x53, 0xd0, 0xce, 0x53, 0x04, 0x21, 0xc5, 0xff, 0xcc, 0x8a, 0x02, 0xb8, 0x17, 0x8f,
    0x53, 0x24, 0xeb, 0xae, 0x19, 0x80, 0xff, 0x5e, 0xf9, 0x9c, 0x1e, 0xd1, 0xbd, 0xfc, 0xcc, 0xe3, 0xd6, 0x51, 0xa0, 0x18,
    0xea, 0xa0, 0x11, 0x6e, 0x70, 0xb9, 0x72, 0xf5, 0xca, 0xcd, 0x60, 0x66, 0xf3, 0x32, 0xa8, 0xe3, 0x30, 0x1e, 0x29, 0x5c,
    0x5b, 0xa8, 0x45, 0xf3, 0xd6, 0x5a, 0x8c, 0x48, 0x67, 0x3d, 0x4a, 0xe6, 0xe1, 0xbf, 0xbf, 0x79, 0x3c, 0x78, 0xb8, 0xe7,
    0x66, 0x30, 0xb3, 0xb9, 0xc2, 0x7f, 0xcd, 0x17, 0x30, 0x56, 0x92, 0xd5, 0x44, 0x21, 0x74, 0xf3, 0x78, 0xda, 0x43, 0xcd,
    0xe6, 0x0a, 0x0a, 0x0a, 0x0a, 0x0a, 0x0a, 0x0a, 0x0a, 0x0a, 0x0a, 0x0a, 0x0a, 0x0a, 0x0a, 0x0a, 0x0a, 0x0a, 0x0a, 0x0a,
    0x0a, 0x0a, 0x0a, 0x0a, 0x0a, 0x0a, 0x0a, 0x0a, 0x0a, 0x0a, 0x0a, 0x0a, 0x0a, 0x0a, 0x0a, 0x0a, 0x0a, 0x0a, 0x0a, 0x0a,
    0x0a, 0x0a, 0x0a, 0x0a, 0x0a, 0x0a, 0x0a, 0x0a, 0x0a, 0x0a, 0x0a, 0x0a, 0x0a, 0x99, 0x09, 0xf5, 0x7d, 0xa2, 0x82, 0x6a,
    0x3b, 0x05, 0x85, 0x4c, 0x0f, 0xbf, 0x9f, 0x39, 0xaa, 0xed, 0x14, 0x14, 0x32, 0x3d, 0x96, 0xfa, 0x44, 0x6f, 0xd5, 0x76,
    0x0a, 0x0a, 0x0a, 0x0a, 0x0a, 0x0a, 0x0a, 0x0a, 0x0a, 0x0a, 0x0a, 0x0a, 0x0a, 0x0a, 0x0a, 0x0a, 0x0a, 0x0a, 0x0a, 0x0a,
    0x0a, 0x0a, 0x0a, 0x0a, 0x0a, 0x0a, 0x0a, 0x0a, 0x0a, 0x0a, 0x0a, 0x0a, 0x0a, 0x0a, 0x0a, 0x0a, 0x0a, 0x0a, 0x69, 0x8d,
    0xff, 0xb7, 0x4f, 0xc7, 0x34, 0x00, 0x00, 0x00, 0x08, 0xc3, 0xfc, 0xbb, 0xe6, 0xe0, 0xc7, 0x00, 0xa5, 0x0e, 0x48, 0x06,
    0x00, 0x00, 0x00, 0x00, 0x00, 0x00, 0x00, 0x00, 0x00, 0x00, 0x00, 0x00, 0x00, 0x00, 0x00, 0x00, 0x00, 0x00, 0x00, 0x00,
    0x00, 0x00, 0x00, 0x00, 0x00, 0x00, 0x00, 0x00, 0x00, 0x00, 0x00, 0x00, 0x00, 0x00, 0x00, 0x00, 0x00, 0x00, 0x00, 0x00,
    0x00, 0x00, 0x00, 0x00, 0x00, 0x00, 0x00, 0x00, 0x00, 0x00, 0x00, 0x00, 0x00, 0x00, 0x00, 0x00, 0x00, 0x00, 0x00, 0x00,
    0x00, 0x00, 0x00, 0x00, 0x00, 0x00, 0x00, 0x00, 0x00, 0x00, 0x00, 0x00, 0x00, 0x00, 0x00, 0x00, 0x00, 0x00, 0x00, 0x00,
    0x00, 0x00, 0x00, 0x00, 0x00, 0x00, 0x00, 0x00, 0x00, 0x00, 0x00, 0x00, 0x00, 0x00, 0x00, 0x00, 0x00, 0x00, 0x00, 0x00,
    0x00, 0x00, 0x00, 0x00, 0x00, 0x00, 0x00, 0x00, 0x00, 0x00, 0x00, 0x00, 0x00, 0x00, 0x00, 0x00, 0x00, 0x00, 0x00, 0x00,
    0x00, 0x00, 0x00, 0x00, 0x00, 0x00, 0x00, 0x00, 0x00, 0x00, 0x00, 0x00, 0x00, 0x00, 0x00, 0x00, 0x00, 0x00, 0x00, 0x00,
    0x00, 0x00, 0x00, 0x00, 0x00, 0x00, 0x00, 0x00, 0x00, 0x00, 0x00, 0x00, 0x00, 0x00, 0x00, 0x00, 0x00, 0x00, 0x00, 0x00,
    0x00, 0x00, 0x00, 0x00, 0x00, 0x00, 0x00, 0x00, 0x00, 0x00, 0x00, 0x00, 0x00, 0x00, 0x00, 0x00, 0x00, 0x00, 0x00, 0x00,
    0x00, 0x00, 0x00, 0x00, 0x00, 0x00, 0x00, 0x00, 0x00, 0x00, 0x00, 0x00, 0x00, 0x00, 0x00, 0x00, 0x00, 0x00, 0x00, 0x00,
    0x00, 0x00, 0x00, 0x00, 0x00, 0x00, 0x00, 0x00, 0x00, 0x00, 0x00, 0x00, 0x00, 0x00, 0x00, 0x00, 0x00, 0x00, 0x00, 0x00,
    0x00, 0x00, 0x00, 0x00, 0x00, 0x00, 0x00, 0x00, 0x00, 0x00, 0x00, 0x00, 0x00, 0x00, 0x00, 0x00, 0x00, 0x00, 0x00, 0x00,
    0x00, 0x00, 0x00, 0x00, 0x00, 0x00, 0x00, 0x00, 0x00, 0x00, 0x00, 0x30, 0x74, 0x7e, 0x00, 0xfd, 0x03, 0x77, 0xfd, 0x07 };

// Font characters rectangles data
static Rectangle fontRecs_FontSans[135] = {
    { 4, 4, 7 , 32 },
    { 19, 4, 4 , 20 },
    { 31, 4, 8 , 7 },
    { 47, 4, 16 , 20 },
    { 71, 4, 16 , 24 },
    { 95, 4, 24 , 21 },
    { 127, 4, 18 , 21 },
    { 153, 4, 4 , 7 },
    { 165, 4, 9 , 27 },
    { 182, 4, 8 , 27 },
    { 198, 4, 11 , 11 },
    { 217, 4, 15 , 15 },
    { 240, 4, 4 , 8 },
    { 252, 4, 8 , 3 },
    { 268, 4, 4 , 4 },
    { 280, 4, 8 , 22 },
    { 296, 4, 14 , 21 },
    { 318, 4, 13 , 20 },
    { 339, 4, 14 , 20 },
    { 361, 4, 14 , 21 },
    { 383, 4, 16 , 20 },
    { 407, 4, 14 , 21 },
    { 429, 4, 14 , 21 },
    { 451, 4, 14 , 20 },
    { 473, 4, 14 , 21 },
    { 4, 44, 14 , 21 },
    { 26, 44, 4 , 16 },
    { 38, 44, 4 , 20 },
    { 50, 44, 15 , 15 },
    { 73, 44, 15 , 11 },
    { 96, 44, 15 , 15 },
    { 119, 44, 14 , 20 },
    { 141, 44, 25 , 25 },
    { 174, 44, 20 , 20 },
    { 202, 44, 16 , 20 },
    { 226, 44, 19 , 21 },
    { 253, 44, 18 , 20 },
    { 279, 44, 16 , 20 },
    { 303, 44, 15 , 20 },
    { 326, 44, 20 , 21 },
    { 354, 44, 17 , 20 },
    { 379, 44, 4 , 20 },
    { 391, 44, 13 , 21 },
    { 412, 44, 17 , 20 },
    { 437, 44, 13 , 20 },
    { 458, 44, 20 , 20 },
    { 486, 44, 17 , 20 },
    { 4, 84, 20 , 21 },
    { 32, 84, 16 , 20 },
    { 56, 84, 20 , 26 },
    { 84, 84, 18 , 20 },
    { 110, 84, 17 , 21 },
    { 135, 84, 17 , 20 },
    { 160, 84, 17 , 21 },
    { 185, 84, 19 , 20 },
    { 212, 84, 27 , 20 },
    { 247, 84, 19 , 20 },
    { 274, 84, 19 , 20 },
    { 301, 84, 17 , 20 },
    { 326, 84, 6 , 27 },
    { 340, 84, 8 , 22 },
    { 356, 84, 6 , 27 },
    { 370, 84, 14 , 11 },
    { 392, 84, 18 , 3 },
    { 418, 84, 7 , 6 },
    { 433, 84, 15 , 17 },
    { 456, 84, 14 , 22 },
    { 478, 84, 13 , 17 },
    { 4, 124, 14 , 22 },
    { 26, 124, 14 , 17 },
    { 48, 124, 8 , 21 },
    { 64, 124, 14 , 22 },
    { 86, 124, 14 , 21 },
    { 108, 124, 4 , 21 },
    { 120, 124, 6 , 27 },
    { 134, 124, 14 , 21 },
    { 156, 124, 4 , 21 },
    { 168, 124, 21 , 16 },
    { 197, 124, 14 , 16 },
    { 219, 124, 14 , 17 },
    { 241, 124, 14 , 22 },
    { 263, 124, 14 , 22 },
    { 285, 124, 9 , 16 },
    { 302, 124, 14 , 17 },
    { 324, 124, 8 , 20 },
    { 340, 124, 14 , 17 },
    { 362, 124, 15 , 16 },
    { 385, 124, 22 , 16 },
    { 415, 124, 15 , 16 },
    { 438, 124, 15 , 22 },
    { 461, 124, 12 , 16 },
    { 481, 124, 10 , 27 },
    { 499, 124, 3 , 28 },
    { 4, 164, 10 , 27 },
    { 22, 164, 15 , 5 },
    { 45, 164, 9 , 8 },
    { 62, 164, 15 , 23 },
    { 85, 164, 15 , 22 },
    { 108, 164, 15 , 21 },
    { 131, 164, 13 , 23 },
    { 152, 164, 14 , 23 },
    { 174, 164, 14 , 23 },
    { 196, 164, 14 , 22 },
    { 218, 164, 14 , 21 },
    { 240, 164, 10 , 21 },
    { 258, 164, 8 , 20 },
    { 274, 164, 14 , 22 },
    { 296, 164, 14 , 21 },
    { 318, 164, 14 , 23 },
    { 340, 164, 14 , 22 },
    { 362, 164, 14 , 21 },
    { 384, 164, 15 , 26 },
    { 407, 164, 20 , 25 },
    { 435, 164, 20 , 26 },
    { 463, 164, 20 , 24 },
    { 4, 204, 19 , 27 },
    { 31, 204, 16 , 25 },
    { 55, 204, 16 , 25 },
    { 79, 204, 16 , 26 },
    { 103, 204, 16 , 24 },
    { 127, 204, 10 , 26 },
    { 145, 204, 8 , 24 },
    { 161, 204, 20 , 27 },
    { 189, 204, 20 , 25 },
    { 217, 204, 17 , 26 },
    { 242, 204, 17 , 27 },
    { 267, 204, 17 , 25 },
    { 292, 204, 19 , 24 },
    { 319, 204, 25 , 17 },
    { 352, 204, 27 , 21 },
    { 387, 204, 14 , 13 },
    { 409, 204, 14 , 13 },
    { 431, 204, 22 , 4 },
    { 461, 204, 16 , 3 },
    { 4, 244, 29 , 3 },
};

// Font glyphs info data
// NOTE: No glyphs.image data provided
static GlyphInfo fontGlyphs_FontSans[135] = {
    { 32, 0, 0, 7, { 0 }},
    { 33, 2, 5, 7, { 0 }},
    { 34, 1, 5, 10, { 0 }},
    { 35, 0, 5, 15, { 0 }},
    { 36, 0, 3, 15, { 0 }},
    { 37, 1, 5, 25, { 0 }},
    { 38, 1, 5, 19, { 0 }},
    { 39, 1, 5, 5, { 0 }},
    { 40, 1, 4, 9, { 0 }},
    { 41, 0, 4, 9, { 0 }},
    { 42, 0, 5, 11, { 0 }},
    { 43, 1, 8, 16, { 0 }},
    { 44, 2, 21, 7, { 0 }},
    { 45, 1, 16, 9, { 0 }},
    { 46, 2, 21, 7, { 0 }},
    { 47, 0, 4, 7, { 0 }},
    { 48, 1, 5, 15, { 0 }},
    { 49, 2, 5, 15, { 0 }},
    { 50, 1, 5, 15, { 0 }},
    { 51, 1, 5, 15, { 0 }},
    { 52, 0, 5, 15, { 0 }},
    { 53, 1, 5, 15, { 0 }},
    { 54, 1, 5, 15, { 0 }},
    { 55, 1, 5, 15, { 0 }},
    { 56, 1, 5, 15, { 0 }},
    { 57, 1, 5, 15, { 0 }},
    { 58, 2, 9, 7, { 0 }},
    { 59, 2, 9, 7, { 0 }},
    { 60, 1, 8, 16, { 0 }},
    { 61, 1, 10, 16, { 0 }},
    { 62, 1, 8, 16, { 0 }},
    { 63, 1, 5, 15, { 0 }},
    { 64, 2, 4, 29, { 0 }},
    { 65, 0, 5, 19, { 0 }},
    { 66, 2, 5, 19, { 0 }},
    { 67, 1, 5, 20, { 0 }},
    { 68, 2, 5, 20, { 0 }},
    { 69, 2, 5, 19, { 0 }},
    { 70, 2, 5, 17, { 0 }},
    { 71, 1, 5, 22, { 0 }},
    { 72, 2, 5, 20, { 0 }},
    { 73, 2, 5, 7, { 0 }},
    { 74, 0, 5, 14, { 0 }},
    { 75, 2, 5, 19, { 0 }},
    { 76, 2, 5, 15, { 0 }},
    { 77, 2, 5, 23, { 0 }},
    { 78, 2, 5, 20, { 0 }},
    { 79, 1, 5, 22, { 0 }},
    { 80, 2, 5, 19, { 0 }},
    { 81, 1, 5, 22, { 0 }},
    { 82, 2, 5, 20, { 0 }},
    { 83, 1, 5, 19, { 0 }},
    { 84, 0, 5, 17, { 0 }},
    { 85, 2, 5, 20, { 0 }},
    { 86, 0, 5, 19, { 0 }},
    { 87, 0, 5, 27, { 0 }},
    { 88, 0, 5, 19, { 0 }},
    { 89, 0, 5, 19, { 0 }},
    { 90, 0, 5, 17, { 0 }},
    { 91, 2, 4, 7, { 0 }},
    { 92, 0, 4, 7, { 0 }},
    { 93, 0, 4, 7, { 0 }},
    { 94, 0, 5, 13, { 0 }},
    { 95, -1, 28, 15, { 0 }},
    { 96, 1, 3, 9, { 0 }},
    { 97, 1, 9, 15, { 0 }},
    { 98, 1, 4, 15, { 0 }},
    { 99, 1, 9, 14, { 0 }},
    { 100, 1, 4, 15, { 0 }},
    { 101, 1, 9, 15, { 0 }},
    { 102, 0, 4, 7, { 0 }},
    { 103, 1, 9, 15, { 0 }},
    { 104, 1, 4, 15, { 0 }},
    { 105, 1, 4, 6, { 0 }},
    { 106, -1, 4, 6, { 0 }},
    { 107, 1, 4, 14, { 0 }},
    { 108, 1, 4, 6, { 0 }},
    { 109, 1, 9, 23, { 0 }},
    { 110, 1, 9, 15, { 0 }},
    { 111, 1, 9, 15, { 0 }},
    { 112, 1, 9, 15, { 0 }},
    { 113, 1, 9, 15, { 0 }},
    { 114, 1, 9, 9, { 0 }},
    { 115, 0, 9, 14, { 0 }},
    { 116, 0, 6, 7, { 0 }},
    { 117, 1, 9, 15, { 0 }},
    { 118, 0, 9, 14, { 0 }},
    { 119, -1, 9, 20, { 0 }},
    { 120, 0, 9, 14, { 0 }},
    { 121, 0, 9, 14, { 0 }},
    { 122, 1, 9, 14, { 0 }},
    { 123, 0, 4, 9, { 0 }},
    { 124, 2, 4, 7, { 0 }},
    { 125, 0, 4, 9, { 0 }},
    { 126, 1, 13, 16, { 0 }},
    { 176, 1, 5, 11, { 0 }},
    { 224, 1, 3, 15, { 0 }},
    { 226, 1, 4, 15, { 0 }},
    { 228, 1, 5, 15, { 0 }},
    { 231, 1, 9, 14, { 0 }},
    { 233, 1, 3, 15, { 0 }},
    { 232, 1, 3, 15, { 0 }},
    { 234, 1, 4, 15, { 0 }},
    { 235, 1, 5, 15, { 0 }},
    { 238, -1, 4, 7, { 0 }},
    { 239, 0, 5, 7, { 0 }},
    { 244, 1, 4, 15, { 0 }},
    { 246, 1, 5, 15, { 0 }},
    { 249, 1, 3, 15, { 0 }},
    { 251, 1, 4, 15, { 0 }},
    { 252, 1, 5, 15, { 0 }},
    { 255, 0, 5, 14, { 0 }},
    { 192, 0, 0, 19, { 0 }},
    { 194, 0, -1, 19, { 0 }},
    { 196, 0, 1, 19, { 0 }},
    { 199, 1, 5, 20, { 0 }},
    { 201, 2, 0, 19, { 0 }},
    { 200, 2, 0, 19, { 0 }},
    { 202, 2, -1, 19, { 0 }},
    { 203, 2, 1, 19, { 0 }},
    { 206, -1, -1, 7, { 0 }},
    { 207, 0, 1, 7, { 0 }},
    { 212, 1, -1, 22, { 0 }},
    { 214, 1, 1, 22, { 0 }},
    { 217, 2, 0, 20, { 0 }},
    { 219, 2, -1, 20, { 0 }},
    { 220, 2, 1, 20, { 0 }},
    { 376, 0, 1, 19, { 0 }},
    { 339, 1, 9, 27, { 0 }},
    { 338, 1, 5, 28, { 0 }},
    { 171, 1, 11, 15, { 0 }},
    { 187, 1, 11, 15, { 0 }},
    { 8230, 3, 21, 28, { 0 }},
    { 8211, 0, 16, 15, { 0 }},
    { 8212, 0, 16, 28, { 0 }},
};

// Font loading function: FontSans
static Font LoadFont_FontSans(void)
{
    Font font = { 0 };

    font.baseSize = 32;
    font.glyphCount = 135;
    font.glyphPadding = 4;

    // Custom font loading
    // NOTE: Compressed font image data (DEFLATE), it requires DecompressData() function
    int fontDataSize_FontSans = 0;
    unsigned char *data = DecompressData(fontData_FontSans, COMPRESSED_DATA_SIZE_FONT_FONTSANS, &fontDataSize_FontSans);
    Image imFont = { data, 512, 512, 1, 2 };

    // Load texture from image
    font.texture = LoadTextureFromImage(imFont);
    UnloadImage(imFont);  // Uncompressed data can be unloaded from memory

    // Assign glyph recs and info data directly
    // WARNING: This font data must not be unloaded
    font.recs = fontRecs_FontSans;
    font.glyphs = fontGlyphs_FontSans;

    return font;
}
